file_id,merged-2Kpa.hdf5
date,2026-09-30
spring_constant,29
tip_geometry,sphere
tip_radius,1e-05
velocity,9
tip_angle,0
curve_id,0
index,Z indent (µm),Force indent (µN)
0,0,0.8148193359375
1,0.00055043371093743687,0.84259033203125
2,0.00082093070312505567,0.8917236328125
3,0.0011005419140623918,0.91094970703125
4,0.0013713644140624925,0.86700439453125
5,0.0016509756250000507,0.92926025390625
6,0.0019214726171874474,0.9765625
7,0.0022014093359374876,1.01959228515625
8,0.0024719063281248843,0.99334716796875
9,0.0027518430468749244,1.0247802734375
10,0.0030223400390625432,1.06658935546875
11,0.0033022767578125833,1.11663818359375
12,0.0035727737499999801,1.1395263671875
13,0.0038191831640626006,1.15509033203125
14,0.004123207460937417,1.15509033203125
15,0.0043696168750000375,1.21307373046875
16,0.0046733156640625939,1.27471923828125
17,0.004953252382812412,1.28448486328125
18,0.005221145312499953,1.26953125
19,0.0054652761718749776,1.29974365234375
20,0.0057715790234373898,1.3958740234375
21,0.0060030150781249514,1.41876220703125
22,0.0063119219921874414,1.3958740234375
23,0.0065531232812499063,1.42333984375
24,0.0068724464453124856,1.5301513671875
25,0.0071035569921875652,1.524658203125
26,0.0074049772265625258,1.5765380859375
27,0.0076539907031250021,1.575927734375
28,0.0079528068749998848,1.61712646484375
29,0.0082018203515625832,1.6412353515625
30,0.0084723173437499799,1.76971435546875
31,0.00875225406250002,1.70166015625
32,0.0090227510546874168,1.737060546875
33,0.0093026877734374569,1.75933837890625
34,0.0095731847656250757,1.91253662109375
35,0.0098527959765624118,1.86981201171875
36,0.010123618476562513,1.92108154296875
37,0.010403229687500071,1.8695068359375
38,0.010673726679687467,2.069091796875
39,0.010953663398437508,2.02392578125
40,0.011224160390624904,2.15301513671875
41,0.011504097109374944,2.03765869140625
42,0.011774594101562563,2.1905517578125
43,0.012054530820312381,2.156982421875
44,0.0123250278125,2.37457275390625
45,0.01260496453125004,2.2210693359375
46,0.012875461523437437,2.35076904296875
47,0.013121870937500058,2.2918701171875
48,0.013423291171875018,2.57080078125
49,0.013669700585937417,2.4273681640625
50,0.013973724882812455,2.5592041015625
51,0.014204835429687535,2.457275390625
52,0.01452383308593741,2.74261474609375
53,0.014762755820312501,2.59521484375
54,0.015061571992187384,2.8173828125
55,0.015305377343749926,2.6568603515625
56,0.015624700507812506,2.88970947265625
57,0.015855811054687585,2.79876708984375
58,0.016157231289062546,3.1036376953125
59,0.016403640703124944,2.85064697265625
60,0.016707664999999983,3.111572265625
61,0.016954074414062381,2.99407958984375
62,0.01722457140625,3.3502197265625
63,0.01750450812500004,3.133544921875
64,0.017775005117187437,3.336181640625
65,0.018054941835937477,3.16864013671875
66,0.018325438828125096,3.57879638671875
67,0.018605375546874914,3.372802734375
68,0.018875872539062533,3.6798095703125
69,0.019155483750000091,3.4271240234375
70,0.019426306249999969,3.775634765625
71,0.019705917460937528,3.590087890625
72,0.019976414453124924,4.0167236328125
73,0.020256351171874964,3.71002197265625
74,0.020526848164062583,4.00360107421875
75,0.020806784882812401,3.80157470703125
76,0.021074677812499942,4.3603515625
77,0.021321412734375045,3.992919921875
78,0.021625111523437601,4.2877197265625
79,0.0218715209375,4.04510498046875
80,0.022175545234375038,4.61212158203125
81,0.022455481953125078,4.2413330078125
82,0.022725978945312475,4.7357177734375
83,0.02296718023437494,4.32861328125
84,0.02327608714843743,4.80194091796875
85,0.023507523203124991,4.5050048828125
86,0.023826520859375089,5.1611328125
87,0.024070651718749891,4.59869384765625
88,0.024364259765625063,5.107421875
89,0.024605786562500009,4.77447509765625
90,0.024909485351562566,5.5181884765625
91,0.025155894765624964,4.9200439453125
92,0.025426717265625065,5.46417236328125
93,0.025706328476562401,5.01251220703125
94,0.02601035277343744,5.82366943359375
95,0.02625676218750006,5.240478515625
96,0.026527259179687457,5.95184326171875
97,0.026807195898437497,5.3021240234375
98,0.027077692890624894,6.06048583984375
99,0.027357629609374934,5.52276611328125
100,0.027628126601562331,6.492919921875
101,0.027908063320312371,5.63446044921875
102,0.028178560312500212,6.30340576171875
103,0.028458171523437548,5.8099365234375
104,0.028728668515624944,6.8267822265625
105,0.029008605234374985,5.9832763671875
106,0.029276498164062525,6.7095947265625
107,0.029559038945312421,6.13677978515625
108,0.029826931874999962,6.9781494140625
109,0.030106868593750002,6.31103515625
110,0.030377365585937399,7.125244140625
111,0.030624100507812502,6.46209716796875
112,0.030927799296874836,7.10693359375
113,0.031207736015624876,6.649169921875
114,0.031478233007812273,7.80120849609375
115,0.031724642421875116,6.7926025390625
116,0.032028666718750154,7.373046875
117,0.032269868007812397,6.84814453125
118,0.032563476054687568,8.349609375
119,0.03281021097656267,7.008056640625
120,0.033113909765625005,7.95623779296875
121,0.033358040624999807,7.08221435546875
122,0.033666947539062297,8.63372802734375
123,0.033908474335937688,7.3809814453125
124,0.034212173125000023,8.802490234375
125,0.034458582539062421,7.49786376953125
126,0.03476260683593746,8.58856201171875
127,0.035009016249999858,7.75238037109375
128,0.035279513242187699,9.1802978515625
129,0.035559449960937295,7.96234130859375
130,0.035829946953125136,8.48846435546875
131,0.036109883671875176,8.1719970703125
132,0.03635564207031261,9.23309326171875
133,0.036660317382812613,8.41644287109375
134,0.036802564296875007,8.580322265625
135,0.037166807539062541,9.12841796875
136,0.037210425585937346,8.57177734375
137,0.0374526033984377,9.02923583984375
138,0.037657347812500186,8.74237060546875
139,0.037758255234374927,8.88153076171875
140,0.037781366289062701,9.25262451171875
141,0.037824658828124802,8.24249267578125
142,0.037824984335937506,9.21875
curve_id,1
index,Z indent (µm),Force indent (µN)
0,0,0.84014892578125
1,0.00022264734374988215,0.87646484375
2,0.00050681566406240997,0.880126953125
3,0.00077308105468731902,0.88226318359375
4,0.0010520412499999132,0.916748046875
5,0.0013183066406248223,0.92132568359375
6,0.0016024749609373501,0.9814453125
7,0.0018225182421873765,1.01409912109375
8,0.0021503046093749312,0.9912109375
9,0.0024038751953123771,1.0174560546875
10,0.002700738320312368,1.11724853515625
11,0.0029565874609374099,1.13006591796875
12,0.0032508465234373229,1.080322265625
13,0.0034738193749999091,1.138916015625
14,0.0038012802343749819,1.2017822265625
15,0.004024253085937346,1.2469482421875
16,0.0043517139453124187,1.2347412109375
17,0.0045746867968750049,1.25885009765625
18,0.0049021476562498556,1.27471923828125
19,0.0051247949999999598,1.35528564453125
20,0.0054525813671875145,1.36688232421875
21,0.0056726246484373188,1.407470703125
22,0.0060030150781249514,1.38916015625
23,0.0062230583593749778,1.44775390625
24,0.0065508447265625325,1.49871826171875
25,0.0067734920703124146,1.5875244140625
26,0.0071009529296874874,1.5069580078125
27,0.0073239257812498515,1.571044921875
28,0.0076513866406249242,1.61895751953125
29,0.0078743594921875104,1.73370361328125
30,0.0082018203515623611,1.63970947265625
31,0.0084244676953124653,1.751708984375
32,0.0087086360156249931,1.7169189453125
33,0.0089749014062499022,1.832275390625
34,0.0092564656640623522,1.7840576171875
35,0.0095201269921874054,1.93206787109375
36,0.0098095034374998669,1.82769775390625
37,0.010070560703124842,2.00439453125
38,0.010357333085937448,1.95343017578125
39,0.01060569554687496,2.12371826171875
40,0.010902558671874951,1.9781494140625
41,0.011156129257812397,2.16796875
42,0.011452992382812388,2.0843505859375
43,0.011716653710937441,2.333984375
44,0.012003426093749825,2.1636962890625
45,0.012226073437499929,2.3297119140625
46,0.012553534296875002,2.2454833984375
47,0.012776507148437366,2.50244140625
48,0.013103968007812439,2.31719970703125
49,0.013324336796874947,2.57568359375
50,0.013654401718749876,2.42401123046875
51,0.013874770507812384,2.65289306640625
52,0.014204835429687535,2.51953125
53,0.014424878710937339,2.83447265625
54,0.014752665078124894,2.5762939453125
55,0.014975312421874998,2.83599853515625
56,0.01530309878906233,2.7227783203125
57,0.015525746132812435,3.065185546875
58,0.015853206992187507,2.7862548828125
59,0.016076179843749872,3.0889892578125
60,0.016403640703124944,2.8936767578125
61,0.01662661355468753,3.28369140625
62,0.016920872617187444,3.03466796875
63,0.017177047265624967,3.34320068359375
64,0.017460890078125013,3.0810546875
65,0.017727155468749922,3.5040283203125
66,0.018013927851562528,3.2781982421875
67,0.018272706562499907,3.68408203125
68,0.018561757499999887,3.33251953125
69,0.018822814765624862,3.6749267578125
70,0.019109587148437468,3.47503662109375
71,0.01935794960937498,4.0374755859375
72,0.019654812734374971,3.58306884765625
73,0.019908383320312417,3.93157958984375
74,0.020205246445312408,3.74542236328125
75,0.020468907773437461,4.273681640625
76,0.020755680156249845,3.80767822265625
77,0.020978327499999949,4.33624267578125
78,0.021305788359375022,3.96484375
79,0.02152615714843753,4.46990966796875
80,0.021856222070312459,4.1363525390625
81,0.022076590859374967,4.75677490234375
82,0.022406655781249896,4.1668701171875
83,0.022627024570312404,4.71343994140625
84,0.022954485429687477,4.41131591796875
85,0.023177458281249841,5.12939453125
86,0.023504919140624914,4.466552734375
87,0.023727566484375018,5.04180908203125
88,0.02405535285156235,4.62799072265625
89,0.024278000195312455,5.47576904296875
90,0.024605786562500009,4.7784423828125
91,0.024828433906249892,5.43792724609375
92,0.025155894765624964,4.903564453125
93,0.025378867617187328,5.72509765625
94,0.025706328476562401,5.06805419921875
95,0.025929301328124987,5.985107421875
96,0.02625676218750006,5.21575927734375
97,0.026479735039062424,5.88287353515625
98,0.026776598164062415,5.37322998046875
99,0.02702496062500015,6.5118408203125
100,0.027311407499999829,5.48370361328125
101,0.027575068828124882,6.23626708984375
102,0.027856633085937554,5.7244873046875
103,0.028122898476562463,6.76910400390625
104,0.028407066796874991,5.81634521484375
105,0.028660637382812437,6.74102783203125
106,0.028957500507812428,5.98968505859375
107,0.02921367515624973,6.86767578125
108,0.029507934218749865,6.22802734375
109,0.029727977500000113,7.13836669921875
110,0.030058367929687302,6.3043212890625
111,0.03027841121093755,6.99951171875
112,0.030606197578124883,6.53045654296875
113,0.030828844921874987,7.77008056640625
114,0.03115630578125006,6.68975830078125
115,0.031379278632812424,7.2442626953125
116,0.031706739492187497,6.81610107421875
117,0.031929712343749861,8.33343505859375
118,0.032257173203124934,6.90185546875
119,0.032480146054687298,7.88055419921875
120,0.032807606914062371,7.0367431640625
121,0.033030254257812475,8.45245361328125
122,0.033358040624999807,7.203369140625
123,0.033580687968749912,8.87451171875
124,0.033908474335937244,7.401123046875
125,0.034131121679687348,8.3306884765625
126,0.034458582539062421,7.664794921875
127,0.034681555390624785,9.19921875
128,0.035009016249999858,7.79998779296875
129,0.035229385039062366,8.3721923828125
130,0.035513227851562634,8.11187744140625
131,0.035754429140624877,9.193115234375
132,0.036066265624999927,8.28857421875
133,0.036198096289062454,8.5791015625
134,0.036560711992187356,8.99139404296875
135,0.036611491210937208,8.45733642578125
136,0.036840323203125136,9.03778076171875
137,0.03703758093749987,8.54522705078125
138,0.037159320859374789,8.80859375
139,0.037168109570312469,9.2547607421875
140,0.037217586757812393,8.10150146484375
141,0.037218237773437357,8.40545654296875
curve_id,2
index,Z indent (µm),Force indent (µN)
0,0,0.82611083984375
1,0.00059144769531238595,0.89263916015625
2,0.0007805677343748485,0.8251953125
3,0.0010956592968749401,0.90667724609375
4,0.0013310014453125074,0.91278076171875
5,0.0016408848828124434,0.9979248046875
6,0.0018814351562499443,0.94024658203125
7,0.0021965267187498139,1.00616455078125
8,0.0024318688671873812,1.00982666015625
9,0.0027417523046873171,1.07818603515625
10,0.0029796985156249622,1.06781005859375
11,0.003292186015624976,1.1383056640625
12,0.0035275281640623213,1.1260986328125
13,0.0038400156640623351,1.177978515625
14,0.0040701496874999687,1.2139892578125
15,0.004390123867187512,1.253662109375
16,0.0045821734765623123,1.2432861328125
17,0.0049405575781249489,1.2811279296875
18,0.0051732956640624383,1.36749267578125
19,0.0054909912890623858,1.3751220703125
20,0.0056827153906249261,1.38671875
21,0.0060414249999998226,1.4044189453125
22,0.006233149101562363,1.4996337890625
23,0.0065918587109374815,1.50909423828125
24,0.0067835828125000219,1.556396484375
25,0.0071422924218749184,1.5667724609375
26,0.007331412460937381,1.6485595703125
27,0.0076924006249998733,1.629638671875
28,0.0078818461718748178,1.73309326171875
29,0.0082018203515623611,1.7108154296875
30,0.0084322798828124768,1.78375244140625
31,0.0087932680468749691,1.7669677734375
32,0.0089827135937499136,1.93115234375
33,0.0093026877734374569,1.87591552734375
34,0.0094332164062498336,1.93511962890625
35,0.0095328217968748685,2.11822509765625
36,0.0098427052343750265,1.925048828125
37,0.010393138945312463,2.05352783203125
38,0.010633689218749964,2.15362548828125
39,0.0109435726562499,2.12127685546875
40,0.011178914804687468,2.308349609375
41,0.011494006367187337,2.222900390625
42,0.011729348515624904,2.35137939453125
43,0.012041836015624918,2.310791015625
44,0.01227197003906233,2.46673583984375
45,0.012592269726562355,2.39837646484375
46,0.012783993828124895,2.60498046875
47,0.013144981992187388,2.5311279296875
48,0.013375441523437503,2.6605224609375
49,0.013692811640624969,2.5830078125
50,0.013884861249999991,2.85797119140625
51,0.014243245351562406,2.7276611328125
52,0.014435294960937428,2.86376953125
53,0.014793679062499843,2.8076171875
54,0.014985403164062383,3.116455078125
55,0.015344112773437502,2.94189453125
56,0.015533232812499964,3.12652587890625
57,0.015894546484374938,3.021240234375
58,0.016083666523437401,3.3087158203125
59,0.016444654687499893,3.14544677734375
60,0.016634100234374838,3.4423828125
61,0.016954074414062381,3.2489013671875
62,0.017184533945312497,3.5198974609375
63,0.017504508124999818,3.365478515625
64,0.017734967656249934,3.768310546875
65,0.01804485109374987,3.47900390625
66,0.018285075859374889,3.76617431640625
67,0.018595284804687529,3.59954833984375
68,0.018835509570312325,4.085693359375
69,0.019145393007812483,3.7255859375
70,0.019385943281249984,4.05914306640625
71,0.01969582671874992,3.8262939453125
72,0.019933772929687343,4.33807373046875
73,0.020243656367187501,3.96728515625
74,0.020484206640625002,4.45159912109375
75,0.020794090078124938,4.08538818359375
76,0.021026828164062428,4.5806884765625
77,0.021344523789062375,4.23828125
78,0.021579865937499942,4.893798828125
79,0.021894957499999812,4.3328857421875
80,0.022086681601562574,4.8199462890625
81,0.022445065703124989,4.5233154296875
82,0.022637115312500011,5.2838134765625
83,0.022995499414062426,4.617919921875
84,0.023184944960937592,5.145263671875
85,0.023545933124999863,4.8162841796875
86,0.023735378671875029,5.59234619140625
87,0.0240963668359373,4.92156982421875
88,0.024285486874999762,5.60089111328125
89,0.024646800546874736,5.09796142578125
90,0.024835920585937643,5.8209228515625
91,0.025156220273437224,5.26092529296875
92,0.02538635429687508,6.14410400390625
93,0.025745063906249754,5.40374755859375
94,0.025936788007812517,6.03057861328125
95,0.026249275507812531,5.5950927734375
96,0.026484617656250098,6.62139892578125
97,0.026797105156250112,5.7379150390625
98,0.027037655429687391,6.3665771484375
99,0.0273498174218747,5.921630859375
100,0.027587763632812567,6.866455078125
101,0.02789536851562513,6.0968017578125
102,0.028132989218749849,6.80877685546875
103,0.028445476718749862,6.28509521484375
104,0.028683422929687286,7.00653076171875
105,0.028995910429687299,6.43798828125
106,0.029233856640624722,7.31658935546875
107,0.029546344140624736,6.61712646484375
108,0.029776478164062592,7.16278076171875
109,0.030096777851562617,6.7974853515625
110,0.030329515937499885,8.0047607421875
111,0.030647211562500054,6.85699462890625
112,0.030838935664062372,7.5164794921875
113,0.031197645273437491,6.98577880859375
114,0.031386765312499953,8.4844970703125
115,0.031747753476562224,7.14508056640625
116,0.03193719902343739,8.21197509765625
117,0.032298187187500105,7.29461669921875
118,0.032487632734374827,8.72589111328125
119,0.032848620898437542,7.55218505859375
120,0.033038066445312264,9.08599853515625
121,0.033358040625000029,7.7044677734375
122,0.033588174648437441,8.65509033203125
123,0.033908474335937466,7.9461669921875
124,0.034138608359374878,9.24957275390625
125,0.034497317968749996,8.14178466796875
126,0.034689042070312315,8.658447265625
127,0.034998925507812473,8.3526611328125
128,0.035217015742187385,9.26025390625
129,0.03554935921874991,8.603515625
130,0.035591675234374787,8.7945556640625
131,0.035667193046875045,9.16961669921875
132,0.036097188867187491,8.779296875
133,0.036647622578124928,9.0399169921875
134,0.036657713320312535,9.21875
135,0.036705888476562532,8.38653564453125
136,0.036706539492187495,9.18487548828125
curve_id,3
index,Z indent (µm),Force indent (µN)
0,0,0.80291748046875
1,0.00050681566406240997,0.8343505859375
2,0.0011005419140623918,0.8917236328125
3,0.0012434398437499716,0.859375
4,0.0016024749609373501,0.91064453125
5,0.0018348875390623576,0.89324951171875
6,0.0021551872265623828,0.9686279296875
7,0.0023443072656248454,0.97381591796875
8,0.002700738320312368,1.03485107421875
9,0.0028921369140624265,1.01318359375
10,0.0032508465234373229,1.04217529296875
11,0.0034425706249998633,1.08001708984375
12,0.003798676171874904,1.14959716796875
13,0.0039952828906248961,1.15325927734375
14,0.0043491098828123409,1.16241455078125
15,0.0045431125390624771,1.2115478515625
16,0.0048995435937499998,1.25335693359375
17,0.0050909421874998362,1.28692626953125
18,0.0054525813671875145,1.27288818359375
19,0.0056465840234374287,1.3360595703125
20,0.0060004110156248736,1.35101318359375
21,0.0061944136718750098,1.4324951171875
22,0.0065531232812499063,1.41510009765625
23,0.0067448473828124467,1.505126953125
24,0.0071009529296874874,1.474609375
25,0.0072949555859374016,1.575927734375
26,0.0076513866406249242,1.57379150390625
27,0.0078427852343749827,1.65374755859375
28,0.0082018203515623611,1.602783203125
29,0.0083906148828123417,1.7333984375
30,0.00875225406250002,1.71234130859375
31,0.0089436526562498564,1.82159423828125
32,0.00925906972656243,1.73553466796875
33,0.0094914823046874375,1.89178466796875
34,0.0098505174218748159,1.84814453125
35,0.010039311953125019,1.9879150390625
36,0.010357333085937448,1.9171142578125
37,0.010587141601562378,2.1099853515625
38,0.010899954609374873,1.99005126953125
39,0.01109395726562501,2.18231201171875
40,0.011452992382812388,2.10968017578125
41,0.011646995039062524,2.30377197265625
42,0.012000822031249969,2.1728515625
43,0.012194824687499883,2.38677978515625
44,0.012553534296875002,2.3077392578125
45,0.01274525839843732,2.48687744140625
46,0.013101363945312361,2.3480224609375
47,0.013295366601562497,2.611083984375
48,0.01365179765625002,2.4847412109375
49,0.013845800312499934,2.6824951171875
50,0.014202231367187457,2.56744384765625
51,0.014393629960937515,2.8680419921875
52,0.014755269140624971,2.6715087890625
53,0.01494666773437503,2.89642333984375
54,0.01530309878906233,2.7752685546875
55,0.015494497382812389,3.09112548828125
56,0.015853206992187507,2.8643798828125
57,0.016044931093749826,3.1658935546875
58,0.016403640703124944,3.0047607421875
59,0.016595364804687485,3.3111572265625
60,0.016954074414062381,3.05694580078125
61,0.01714547300781244,3.46466064453125
62,0.017501904062499962,3.21044921875
63,0.017695906718749876,3.5296630859375
64,0.01801132378906245,3.2904052734375
65,0.018238528242187524,3.802490234375
66,0.018556549374999953,3.41217041015625
67,0.018745669414062416,3.7860107421875
68,0.01910698308593739,3.531494140625
69,0.019339395664062398,4.09423828125
70,0.019654812734374971,3.64532470703125
71,0.019889829374999834,4.09454345703125
72,0.02020264238281233,3.7945556640625
73,0.020394040976562389,4.36004638671875
74,0.020755680156249845,3.87481689453125
75,0.020947078749999903,4.456787109375
76,0.021303509804687426,4.03656005859375
77,0.02149751246093734,4.5880126953125
78,0.021853618007812381,4.14642333984375
79,0.022047946171874999,4.91119384765625
80,0.022404051718749818,4.2926025390625
81,0.02259577582031258,4.83367919921875
82,0.022954485429687255,4.4256591796875
83,0.023145884023437313,5.2691650390625
84,0.023502315078124836,4.54498291015625
85,0.02369631773437475,5.1953125
86,0.024055352851562573,4.7467041015625
87,0.024249355507812487,5.5584716796875
88,0.02460318249999971,4.8260498046875
89,0.024797185156250068,5.6439208984375
90,0.02515361621093759,5.0408935546875
91,0.025347618867187505,5.787353515625
92,0.025703724414062323,5.166015625
93,0.025897727070312238,6.1669921875
94,0.02625676218750006,5.322265625
95,0.026448160781250118,6.02294921875
96,0.026804591835937641,5.5059814453125
97,0.026998594492187555,6.61102294921875
98,0.027355025546875078,5.65277099609375
99,0.027543820078124837,6.41265869140625
100,0.027864445273437566,5.85540771484375
101,0.028091649726562418,6.8359375
102,0.028407066796874991,6.01318359375
103,0.02859846539062505,6.83074951171875
104,0.028954896445312572,6.2127685546875
105,0.029148899101562487,6.9635009765625
106,0.029505330156250009,6.376953125
107,0.029699332812499923,7.3785400390625
108,0.030058367929687302,6.5618896484375
109,0.03024976652343736,7.14630126953125
110,0.030606197578124883,6.7193603515625
111,0.030797596171874941,8.00445556640625
112,0.031158909843749916,6.82281494140625
113,0.031348029882812378,7.55828857421875
114,0.031706739492187497,6.94305419921875
115,0.031898138085937555,8.44757080078125
116,0.032257173203124934,7.05810546875
117,0.032448571796874992,8.2672119140625
118,0.032805002851562515,7.25128173828125
119,0.032999005507812429,8.6907958984375
120,0.033355436562499952,7.4591064453125
121,0.033552043281249722,9.13421630859375
122,0.033905870273437388,7.6513671875
123,0.034097268867187447,8.6138916015625
124,0.034455978476562565,7.90740966796875
125,0.03465030664062474,9.25537109375
126,0.035006412187500002,8.0792236328125
127,0.035200414843749916,8.6676025390625
128,0.035513227851562634,8.33343505859375
129,0.035725784453125131,9.2559814453125
130,0.036066265624999927,8.52294921875
131,0.036139179374999886,8.87725830078125
132,0.036542809062499737,9.12445068359375
133,0.036614095273437508,8.7701416015625
134,0.036810376484375018,9.23309326171875
135,0.037024235117187443,8.720703125
136,0.037158995351562529,9.21875
137,0.037161924921875089,8.99139404296875
138,0.03720814703124975,8.36517333984375
139,0.037212704140624941,9.21875
140,0.037213029648437645,8.59375
curve_id,4
index,Z indent (µm),Force indent (µN)
0,0,0.84716796875
1,0.00024152679687494683,0.8013916015625
2,0.00055043371093743687,0.86334228515625
3,0.0007919605078123837,0.82733154296875
4,0.001098263359375018,0.9381103515625
5,0.0013423942187500426,0.94329833984375
6,0.0016486970703124548,0.94512939453125
7,0.0018902238671874017,0.93017578125
8,0.0021991307812498917,1.04278564453125
9,0.0024432616406249164,1.04339599609375
10,0.0027495644921873286,1.03118896484375
11,0.0029910912890624974,1.04888916015625
12,0.0032996726953125055,1.136474609375
13,0.0035415249999999343,1.163330078125
14,0.0038501064062499424,1.17462158203125
15,0.0040893546484375154,1.220703125
16,0.0044005401171873793,1.22528076171875
17,0.0045883581249999139,1.25335693359375
18,0.0049509738281250382,1.29119873046875
19,0.0051898965624999072,1.38519287109375
20,0.0054988034765623972,1.322021484375
21,0.0056918296093748655,1.36871337890625
22,0.0060518412499999119,1.42303466796875
23,0.0062419378125000424,1.5325927734375
24,0.006599670898437493,1.43524169921875
25,0.0067923715234374793,1.52252197265625
26,0.0071523831640625257,1.552734375
27,0.0073428052343749162,1.67633056640625
28,0.0076491080859373284,1.59423828125
29,0.007893238945312353,1.7108154296875
30,0.0081995417968749873,1.671142578125
31,0.008443672656250012,1.79046630859375
32,0.0087499755078124242,1.7425537109375
33,0.0089941063671874488,1.93206787109375
34,0.0093000837109373791,1.805419921875
35,0.0095419360156250299,1.927490234375
36,0.009850517421875038,1.91864013671875
37,0.010087161601562533,2.14447021484375
38,0.010400951132812475,1.9525146484375
39,0.010642477929687422,2.109375
40,0.01095398890624999,2.080078125
41,0.011192911640624859,2.33734130859375
42,0.011501818554687349,2.15606689453125
43,0.011745949414062373,2.33428955078125
44,0.012054530820312381,2.25250244140625
45,0.012291174999999877,2.49359130859375
46,0.012602360468749962,2.342529296875
47,0.012844212773437391,2.59979248046875
48,0.013152794179687399,2.43316650390625
49,0.013343216250000012,2.65167236328125
50,0.01370062382812498,2.5506591796875
51,0.013893649960937449,2.86102294921875
52,0.014251057539062417,2.61749267578125
53,0.014446687734374963,2.82257080078125
54,0.014801491249999854,2.7532958984375
55,0.014994517382812544,3.1329345703125
56,0.015351924960937513,2.83416748046875
57,0.015544625585937499,3.09844970703125
58,0.015853532499999989,2.955322265625
59,0.016092455234374858,3.314208984375
60,0.016401362148437348,3.05328369140625
61,0.016645493007812373,3.42254638671875
62,0.016954399921874863,3.1451416015625
63,0.017193322656249954,3.51837158203125
64,0.017502229570312444,3.2952880859375
65,0.017746360429687469,3.779296875
66,0.018054941835937477,3.3526611328125
67,0.018294190078124828,3.7255859375
68,0.018602771484374836,3.5113525390625
69,0.018844298281250005,4.100341796875
70,0.019153205195312495,3.60382080078125
71,0.019394731992187442,4.02099609375
72,0.019703638906249932,3.75335693359375
73,0.019947769765624956,4.3536376953125
74,0.020254072617187369,3.83453369140625
75,0.020495599414062537,4.4189453125
76,0.02080190226562495,3.97491455078125
77,0.021046033124999974,4.5574951171875
78,0.021352335976562387,4.11651611328125
79,0.021593862773437555,4.8687744140625
80,0.021902444179687341,4.21905517578125
81,0.022092866249999732,4.77203369140625
82,0.022455481953125078,4.38751220703125
83,0.022645904023437469,5.260009765625
84,0.023003311601562659,4.50347900390625
85,0.023196337734374906,5.10223388671875
86,0.023558953437499808,4.67498779296875
87,0.023746771445312342,5.5682373046875
88,0.024104179023437533,4.79095458984375
89,0.024297205156249779,5.5718994140625
90,0.02465461273437497,4.95697021484375
91,0.024847313359374956,5.76934814453125
92,0.025156220273437446,5.09521484375
93,0.025397747070312393,6.12091064453125
94,0.025704049921875027,5.27252197265625
95,0.025945576718749974,5.97747802734375
96,0.026254483632812464,5.42877197265625
97,0.026496010429687411,6.5826416015625
98,0.026804917343749901,5.59295654296875
99,0.027049048203125148,6.32171630859375
100,0.027355025546875078,5.77056884765625
101,0.027594273789062429,6.827392578125
102,0.027905459257812515,5.92254638671875
103,0.028146986054687462,6.812744140625
104,0.028455892968749952,6.13494873046875
105,0.028697419765624899,6.94976806640625
106,0.029003722617187533,6.30401611328125
107,0.02924524941406248,7.30438232421875
108,0.029559364453125125,6.48040771484375
109,0.029795683124999917,7.0758056640625
110,0.030104590039062407,6.6278076171875
111,0.030346116835937353,7.99407958984375
112,0.030655023749999843,6.817626953125
113,0.03084772437499983,7.41180419921875
114,0.031207736015624876,6.8798828125
115,0.031398158085937267,8.465576171875
116,0.031755565664062457,7.0086669921875
117,0.031948591796875148,8.1231689453125
118,0.032305999374999894,7.18414306640625
119,0.032499025507812584,8.64013671875
120,0.032805328359374775,7.35595703125
121,0.033049459218750021,9.07257080078125
122,0.033355436562499952,7.5933837890625
123,0.033594684804687303,8.4893798828125
124,0.033905870273437388,7.77740478515625
125,0.034147397070312335,9.25018310546875
126,0.034456303984374825,8.01605224609375
127,0.034697830781249772,8.5205078125
128,0.035006737695312262,8.2293701171875
129,0.035225804453124843,9.25384521484375
130,0.035559775468749999,8.43841552734375
131,0.03559948742187502,8.7188720703125
132,0.035675330742187539,9.12567138671875
133,0.03610760511718758,8.68011474609375
134,0.036331879999999872,9.1815185546875
135,0.036539228476562657,8.69140625
136,0.036655434765624717,8.8775634765625
137,0.036665851015625028,9.21875
138,0.036711422109374725,8.29254150390625
139,0.036711747617187429,8.5821533203125
curve_id,5
index,Z indent (µm),Force indent (µN)
0,0,0.83892822265625
1,0.00019302613281246828,0.82244873046875
2,0.00050714117187489194,0.87677001953125
3,0.00074313433593742317,0.82122802734375
4,0.0010572493749998468,0.90728759765625
5,0.00129356804687486,0.92132568359375
6,0.0016001964062499763,0.96923828125
7,0.001844001757812519,0.9283447265625
8,0.0021503046093749312,1.00433349609375
9,0.002391831406249878,1.026611328125
10,0.002700738320312368,1.0791015625
11,0.0029448691796873927,1.0540771484375
12,0.003251172031250027,1.09130859375
13,0.0034926988281249738,1.129150390625
14,0.0038016057421874638,1.180419921875
15,0.0040405284765625549,1.2249755859375
16,0.0043520394531249007,1.21490478515625
17,0.0045932407421873656,1.2371826171875
18,0.0048998691015624818,1.28143310546875
19,0.005136187773437495,1.35589599609375
20,0.0054503028124999187,1.32537841796875
21,0.0056862959765624499,1.3555908203125
22,0.0060004110156248736,1.390380859375
23,0.0061934371484375639,1.514892578125
24,0.0065508447265625325,1.48834228515625
25,0.0067435453515625188,1.52740478515625
26,0.0071012784374999693,1.52374267578125
27,0.0072939790624999556,1.6400146484375
28,0.0076517121484374062,1.60430908203125
29,0.0078444127734373925,1.70806884765625
30,0.0082047499218749209,1.65771484375
31,0.0083922424218749736,1.77734375
32,0.008752579570312502,1.741943359375
33,0.0089452801953124883,1.8939208984375
34,0.0093026877734374569,1.796875
35,0.0094957139062499252,1.9140625
36,0.0098020167578125594,1.883544921875
37,0.01004582210937488,2.115478515625
38,0.010355054531249852,1.97052001953125
39,0.010596255820312539,2.10662841796875
40,0.010902884179687433,2.04315185546875
41,0.011146689531249976,2.27325439453125
42,0.011452992382812388,2.1405029296875
43,0.011694519179687557,2.32513427734375
44,0.012003426093750047,2.2125244140625
45,0.012244952890624994,2.46368408203125
46,0.012553859804687484,2.33795166015625
47,0.012792782539062353,2.578125
48,0.013101689453125065,2.3974609375
49,0.013338008124999856,2.60894775390625
50,0.013652123164062502,2.52105712890625
51,0.013844823789062488,2.83477783203125
52,0.014202556874999939,2.61627197265625
53,0.014395257499999925,2.81005859375
54,0.014752665078124894,2.71484375
55,0.014945691210937362,3.06396484375
56,0.015303098789062552,2.8253173828125
57,0.015496124921875021,3.0828857421875
58,0.015853532499999989,2.91900634765625
59,0.016046233124999976,3.27972412109375
60,0.016403966210937426,3.05084228515625
61,0.016596666835937413,3.3843994140625
62,0.016954399921874863,3.12591552734375
63,0.017147100546874849,3.45062255859375
64,0.017461215585937495,3.2659912109375
65,0.017697534257812508,3.73870849609375
66,0.018009045234374854,3.35601806640625
67,0.018247967968749945,3.66912841796875
68,0.018554270820312357,3.48236083984375
69,0.018798401679687382,4.04754638671875
70,0.019104704531250016,3.585205078125
71,0.019345905820312481,3.9752197265625
72,0.019655138242187453,3.71429443359375
73,0.019896339531249918,4.2938232421875
74,0.020205246445312408,3.843994140625
75,0.020446773242187355,4.3878173828125
76,0.020755680156249845,3.93218994140625
77,0.020994602890624936,4.481201171875
78,0.021303509804687426,4.0985107421875
79,0.021539828476562439,4.82086181640625
80,0.021853943515624863,4.20013427734375
81,0.022046644140624849,4.70458984375
82,0.022404377226562522,4.34814453125
83,0.022597077851562286,5.21026611328125
84,0.022954810937499737,4.47357177734375
85,0.023147511562500167,5.04638671875
86,0.023505244648437618,4.61822509765625
87,0.023697945273437604,5.526123046875
88,0.02405535285156235,4.7894287109375
89,0.024248378984375041,5.50628662109375
90,0.024605786562499787,4.8992919921875
91,0.024798487187499774,5.721435546875
92,0.025156220273437668,5.07781982421875
93,0.025348920898437655,6.0614013671875
94,0.025899354609375091,5.9185791015625
95,0.026205657460937282,5.220947265625
96,0.026305588359374799,5.3839111328125
97,0.026449788320312528,6.55731201171875
98,0.026761299296874874,5.5523681640625
99,0.027000222031249965,6.263427734375
100,0.027306524882812599,5.69793701171875
101,0.027548051679687546,6.807861328125
102,0.027856958593750036,5.90423583984375
103,0.028098485390624983,6.76727294921875
104,0.028407392304687473,6.04156494140625
105,0.02864859359375016,6.90826416015625
106,0.02895782601562491,6.25213623046875
107,0.029199027304687597,7.2247314453125
108,0.029505655664062491,6.40625
109,0.029700960351562333,7.041015625
110,0.030055763867187668,6.595458984375
111,0.030292082539062459,7.88116455078125
112,0.030606197578125105,6.76513671875
113,0.030798898203125091,7.3651123046875
114,0.031156631289062542,6.8359375
115,0.031349331914062528,8.36700439453125
116,0.031707064999999979,6.98486328125
117,0.031899765624999965,8.06121826171875
118,0.032257498710937416,7.09259033203125
119,0.032450199335937402,8.5302734375
120,0.032807932421874852,7.30560302734375
121,0.032998028984374983,8.9898681640625
122,0.033314748085937484,7.51678466796875
123,0.033551066757812276,8.4661865234375
124,0.033908474335937466,7.73223876953125
125,0.034101174960937453,9.22088623046875
126,0.034415290000000098,7.95196533203125
127,0.034651608671874889,8.49273681640625
128,0.03496051558593738,8.1561279296875
129,0.03517958234374996,9.22515869140625
130,0.035510949296874816,8.40057373046875
131,0.03562715558593732,8.70574951171875
132,0.035996281445312306,9.05731201171875
133,0.036058778945312397,8.58795166015625
134,0.036284681367187321,9.1510009765625
135,0.036491378828125143,8.61541748046875
136,0.036609212656249834,8.84979248046875
137,0.036618001367187514,9.21875
138,0.036665199999999842,8.22357177734375
139,0.036665525507812546,9.21875
curve_id,6
index,Z indent (µm),Force indent (µN)
0,0,0.85052490234375
1,0.00055271226562503273,0.8599853515625
2,0.00079033296874997383,0.84930419921875
3,0.001097937851562536,0.9307861328125
4,0.0013814551562500998,0.85601806640625
5,0.0016509756250000507,0.9490966796875
6,0.0018908748828125876,0.96954345703125
7,0.0021988052734374097,1.01226806640625
8,0.0024413085937500245,0.97808837890625
9,0.0027492389843750686,1.07574462890625
10,0.0029917423046874614,1.05743408203125
11,0.0032996726953125055,1.08978271484375
12,0.0035395719531250425,1.10870361328125
13,0.0038497808984374604,1.1895751953125
14,0.0040900056640624793,1.21734619140625
15,0.0044002146093751193,1.2017822265625
16,0.0046404393749999162,1.21368408203125
17,0.0049506483203125562,1.3018798828125
18,0.0051905475781250932,1.31134033203125
19,0.0055010820312499931,1.30340576171875
20,0.00574098128906253,1.4190673828125
21,0.0060105017578124809,1.39862060546875
22,0.0062914149999999669,1.38641357421875
23,0.0065609354687499177,1.4593505859375
24,0.0068418487109374038,1.5972900390625
25,0.0071087651171874988,1.514892578125
26,0.0073896783593749849,1.58111572265625
27,0.0076539907031250021,1.60980224609375
28,0.0079375080078125659,1.68212890625
29,0.0082044244140624389,1.63604736328125
30,0.0084879417187500028,1.77337646484375
31,0.0087496499999999422,1.7547607421875
32,0.008992153320312557,1.84844970703125
33,0.0093000837109376011,1.7669677734375
34,0.0095809969531250871,1.93603515625
35,0.009850191914062556,1.885986328125
36,0.010131430664062524,2.0220947265625
37,0.010400625624999993,1.94976806640625
38,0.010643128945312608,2.16766357421875
39,0.01095105933593743,2.03338623046875
40,0.011193562656250045,2.14874267578125
41,0.011501493046875089,2.13165283203125
42,0.011741392304687404,2.39776611328125
43,0.012051926757812526,2.191162109375
44,0.012291826015625062,2.35931396484375
45,0.012602360468749962,2.3321533203125
46,0.012842259726562499,2.55096435546875
47,0.013152468671874917,2.36541748046875
48,0.013392693437499936,2.63824462890625
49,0.013702902382812576,2.5189208984375
50,0.013943127148437595,2.70172119140625
51,0.014250732031249935,2.57965087890625
52,0.01449323535156255,2.9205322265625
53,0.014762755820312501,2.70599365234375
54,0.015041064999999909,2.882080078125
55,0.015313189531249938,2.80853271484375
56,0.015594102773437424,3.17962646484375
57,0.015855811054687585,2.90130615234375
58,0.016141932421875005,3.1463623046875
59,0.016406244765625022,3.04107666015625
60,0.016689762070312586,3.3709716796875
61,0.016951470351562525,3.09417724609375
62,0.017240195781250023,3.45947265625
63,0.017501904062499962,3.2598876953125
64,0.017785421367187526,3.5772705078125
65,0.018052337773437621,3.33221435546875
66,0.018294841093750014,3.81256103515625
67,0.018602771484375058,3.4674072265625
68,0.018845274804687451,3.7835693359375
69,0.019152879687500013,3.57391357421875
70,0.01939570851562511,4.156494140625
71,0.01970331339843745,3.69720458984375
72,0.019943538164062469,4.07073974609375
73,0.020253747109375109,3.83087158203125
74,0.020493646367187424,4.42596435546875
75,0.020804180820312546,3.92120361328125
76,0.021044080078125083,4.4525146484375
77,0.021354614531249982,4.091796875
78,0.021594513789062519,4.63165283203125
79,0.021902444179687564,4.173583984375
80,0.022144947499999956,4.92584228515625
81,0.022452877890625,4.3536376953125
82,0.022695381210937615,4.84771728515625
83,0.022962297617187488,4.444580078125
84,0.023243210859375196,5.3436279296875
85,0.023507523203125213,4.593505859375
86,0.023791040507812333,5.17669677734375
87,0.024057631406249946,4.75433349609375
88,0.02434114871093751,5.64117431640625
89,0.024608065117187383,4.869384765625
90,0.024894186484374803,5.63568115234375
91,0.025153290703125109,5.04638671875
92,0.025439412070312528,5.87646484375
93,0.025703724414062545,5.1788330078125
94,0.025984637656249809,6.182861328125
95,0.026254158124999982,5.35736083984375
96,0.02653507136718769,6.068115234375
97,0.026804591835937419,5.5059814453125
98,0.027047095156250034,6.69708251953125
99,0.027355025546874856,5.684814453125
100,0.027597528867187471,6.4031982421875
101,0.027905459257812293,5.845947265625
102,0.028145358515625052,6.8792724609375
103,0.02845556746093747,6.02447509765625
104,0.028695792226562489,6.82373046875
105,0.029006001171874907,6.17828369140625
106,0.029245900429687666,7.041015625
107,0.029556434882812344,6.3958740234375
108,0.029796334140625103,7.359619140625
109,0.030104264531249925,6.54541015625
110,0.030346767851562539,7.1826171875
111,0.030616288320312712,6.71112060546875
112,0.030897201562499976,8.07373046875
113,0.031205131953124798,6.8255615234375
114,0.031447635273437413,7.5262451171875
115,0.03171194761718743,6.93389892578125
116,0.03199806898437485,8.55224609375
117,0.032257173203125156,7.08587646484375
118,0.032543294570312575,8.2244873046875
119,0.032810210976562448,7.24700927734375
120,0.033093728281250012,8.78265380859375
121,0.033355436562500174,7.48138427734375
122,0.033636349804687438,9.1180419921875
123,0.033905544765624906,7.655029296875
124,0.034148373593750225,8.66485595703125
125,0.034455978476562343,7.91595458984375
126,0.034736891718750051,9.26483154296875
127,0.035006412187500224,8.11614990234375
128,0.035248915507812395,8.64654541015625
129,0.035556845898437661,8.3447265625
130,0.035774936132812574,9.21875
131,0.036107279609375098,8.57666015625
132,0.036225438945312494,8.81103515625
133,0.036595215820312443,9.20318603515625
134,0.036657713320312535,8.7689208984375
135,0.036883941250000163,9.21173095703125
136,0.037092266250000172,8.84124755859375
137,0.037207821523437712,9.031982421875
138,0.037219539804687507,9.21875
139,0.03726380886718772,8.39935302734375
140,0.037266738437499836,8.59375
curve_id,7
index,Z indent (µm),Force indent (µN)
0,0,0.83953857421875
1,0.0005501082031249549,0.8416748046875
2,0.00083037042968747699,0.8673095703125
3,0.0011005419140623918,0.93292236328125
4,0.001378200078124836,0.8612060546875
5,0.0016509756249998286,0.92987060546875
6,0.0019234256640623393,0.97442626953125
7,0.0022014093359374876,1.0028076171875
8,0.0024735338671875162,0.97381591796875
9,0.0027108290624999754,1.0455322265625
10,0.002982953593750004,1.070556640625
11,0.0032612627734374122,1.07421875
12,0.0035333873046874409,1.11968994140625
13,0.0038497808984374604,1.16729736328125
14,0.0040838210156248778,1.185302734375
15,0.0043592006249999482,1.1895751953125
16,0.0046342547265623146,1.258544921875
17,0.0049047517187499334,1.2823486328125
18,0.0051846884374999735,1.28021240234375
19,0.0054525813671875145,1.287841796875
20,0.0057351221484374104,1.42364501953125
21,0.0060000855078123916,1.383056640625
22,0.0062829517968749915,1.41204833984375
23,0.0065505192187498285,1.42303466796875
24,0.0068330599999999464,1.5692138671875
25,0.0071009529296874874,1.500244140625
26,0.0073834937109373833,1.57196044921875
27,0.0076513866406249242,1.56646728515625
28,0.0079339274218748201,1.7022705078125
29,0.0082018203515623611,1.61285400390625
30,0.0084765489453124676,1.76605224609375
31,0.00875225406250002,1.71905517578125
32,0.0090347948437499159,1.80999755859375
33,0.0093023622656249749,1.741943359375
34,0.0095774163671873414,1.973876953125
35,0.0098527959765624118,1.85028076171875
36,0.010084232031249973,1.96014404296875
37,0.010403229687499849,1.91009521484375
38,0.010678283789062437,2.16796875
39,0.010953663398437508,1.990966796875
40,0.011185099453124847,2.14263916015625
41,0.011501493046874867,2.08251953125
42,0.011735533164062506,2.35748291015625
43,0.012010912773437354,2.14874267578125
44,0.012285641367187461,2.3675537109375
45,0.012563950546874869,2.27935791015625
46,0.012836075078124898,2.5115966796875
47,0.013106572070312517,2.33917236328125
48,0.013386508789062335,2.6422119140625
49,0.013657005781249953,2.45025634765625
50,0.013934338437499916,2.6727294921875
51,0.014202231367187457,2.54486083984375
52,0.014484772148437353,2.9058837890625
53,0.014752665078124894,2.647705078125
54,0.015035205859375012,2.86346435546875
55,0.015302773281249848,2.74810791015625
56,0.015585639570312448,3.1658935546875
57,0.015853206992187507,2.85308837890625
58,0.016135747773437403,3.1292724609375
59,0.016403640703124944,2.98187255859375
60,0.01668618148437484,3.3294677734375
61,0.016954074414062381,3.05267333984375
62,0.017234011132812421,3.4588623046875
63,0.017504508124999818,3.1903076171875
64,0.017784444843749858,3.51715087890625
65,0.018054941835937477,3.28125
66,0.018327066367187506,3.79913330078125
67,0.018605050039062432,3.4161376953125
68,0.018836486093749993,3.7322998046875
69,0.019155483749999869,3.51165771484375
70,0.01938691980468743,4.13665771484375
71,0.01970331339843745,3.6468505859375
72,0.019937353515624867,4.0350341796875
73,0.020253747109374887,3.77044677734375
74,0.020487787226562304,4.37103271484375
75,0.020806784882812401,3.8580322265625
76,0.021038220937499963,4.42962646484375
77,0.021305788359375022,4.0301513671875
78,0.021588329140624918,4.573974609375
79,0.021858826132812315,4.10888671875
80,0.022136158789062499,4.88494873046875
81,0.022404051718749818,4.28680419921875
82,0.022686592499999936,4.7796630859375
83,0.022954485429687477,4.38232421875
84,0.023237026210937373,5.28839111328125
85,0.023504919140624692,4.539794921875
86,0.023787459921875032,5.106201171875
87,0.024055352851562573,4.67315673828125
88,0.024337893632812468,5.5804443359375
89,0.024605461054687305,4.8065185546875
90,0.024888001835937201,5.58563232421875
91,0.025155894765624742,4.954833984375
92,0.025433552929687631,5.8099365234375
93,0.025706328476562623,5.1025390625
94,0.025978778515624912,6.124267578125
95,0.02625676218750006,5.2813720703125
96,0.026531490781249945,6.0064697265625
97,0.026807195898437497,5.4083251953125
98,0.027038306445312577,6.61346435546875
99,0.027357629609374934,5.61126708984375
100,0.027588740156250013,6.3397216796875
101,0.027905133749999811,5.72906494140625
102,0.02813917386718745,6.83319091796875
103,0.028455567460937248,5.9576416015625
104,0.028689607578124887,6.8048095703125
105,0.028964987187499736,6.0968017578125
106,0.029240041289062324,6.96624755859375
107,0.029515420898437617,6.2786865234375
108,0.029790474999999761,7.29278564453125
109,0.030060646484374898,6.4788818359375
110,0.030338304648437342,7.0965576171875
111,0.030608476132812479,6.61590576171875
112,0.030888412851562519,7.96844482421875
113,0.031161513906249771,6.80206298828125
114,0.031438846562499956,7.44781494140625
115,0.031706739492187497,6.86187744140625
116,0.031989280273437393,8.41156005859375
117,0.032257173203124934,7.00286865234375
118,0.03253971398437483,8.14056396484375
119,0.032807606914062371,7.1466064453125
120,0.033090147695312266,8.64715576171875
121,0.033357715117187547,7.36053466796875
122,0.033637977343749847,9.036865234375
123,0.033908148828124984,7.581787109375
124,0.034188411054687284,8.55072021484375
125,0.034458582539062421,7.75848388671875
126,0.034738519257812461,9.24346923828125
127,0.035009016249999858,8.03497314453125
128,0.035240452304687198,8.53271484375
129,0.035559449960937295,8.1964111328125
130,0.03576712394531234,9.25811767578125
131,0.036107279609374876,8.472900390625
132,0.036220881835937524,8.69720458984375
133,0.036591309726562438,9.16259765625
134,0.036657713320312313,8.6468505859375
135,0.036881337187500085,9.15435791015625
136,0.037090313203125058,8.746337890625
137,0.03720782152343749,8.9056396484375
138,0.037218237773437357,9.21875
139,0.037266087421875094,8.2843017578125
140,0.037266738437500058,9.21875
curve_id,8
index,Z indent (µm),Force indent (µN)
0,0,0.82366943359375
1,0.00055043371093743687,0.8123779296875
2,0.00082223273437498356,0.85113525390625
3,0.0011005419140626138,0.91217041015625
4,0.0013726664453126425,0.85662841796875
5,0.0016509756250000507,0.9124755859375
6,0.0019231001562500794,0.96771240234375
7,0.0022014093359374876,0.9832763671875
8,0.0024732083593750342,0.972900390625
9,0.0027518430468751465,1.0430908203125
10,0.003010947265625008,1.055908203125
11,0.0033022767578125833,1.0626220703125
12,0.0035587769140625891,1.12030029296875
13,0.0038501064062499424,1.16607666015625
14,0.0041219054296874891,1.16943359375
15,0.0044002146093751193,1.1749267578125
16,0.0046235129687499654,1.2506103515625
17,0.0049200505859374744,1.275634765625
18,0.0052048699218749661,1.268310546875
19,0.0055010820312499931,1.28265380859375
20,0.0057243803906250612,1.39251708984375
21,0.0060030150781249514,1.36383056640625
22,0.0062748141015624981,1.40045166015625
23,0.0065531232812501283,1.42547607421875
24,0.006825247812499935,1.54327392578125
25,0.0071035569921875652,1.474609375
26,0.0073756815234375939,1.580810546875
27,0.0076513866406251463,1.571044921875
28,0.0079257897265625488,1.690673828125
29,0.0082018203515625832,1.5960693359375
30,0.0084736193750001298,1.744384765625
31,0.00875225406250002,1.71295166015625
32,0.0090240530859375667,1.80572509765625
33,0.0093026877734374569,1.73095703125
34,0.0095744867968750036,1.94427490234375
35,0.0098527959765626338,1.82861328125
36,0.01012492050781244,1.954345703125
37,0.010403229687500071,1.898193359375
38,0.010675354218750099,2.13531494140625
39,0.010953663398437508,1.9622802734375
40,0.011225787929687536,2.1441650390625
41,0.011504097109374944,2.07305908203125
42,0.011775896132812491,2.3150634765625
43,0.012051926757812526,2.1356201171875
44,0.012311030976562609,2.359619140625
45,0.012602360468749962,2.25799560546875
46,0.012876763554687587,2.4755859375
47,0.013152794179687621,2.29339599609375
48,0.013414502460937561,2.5982666015625
49,0.013702902382812576,2.42156982421875
50,0.013962006601562438,2.66357421875
51,0.014220134296875075,2.51129150390625
52,0.014507557695312645,2.8472900390625
53,0.01480376980468745,2.59429931640625
54,0.015060269960937456,2.862548828125
55,0.015315793593750016,2.71392822265625
56,0.015577501874999955,3.1097412109375
57,0.015853206992187507,2.8082275390625
58,0.016125331523437536,3.1048583984375
59,0.016403640703124944,2.9498291015625
60,0.016675765234374973,3.310546875
61,0.016954074414062603,3.02398681640625
62,0.017225873437499928,3.39111328125
63,0.01750450812500004,3.16650390625
64,0.017776307148437587,3.519287109375
65,0.018054941835937477,3.255615234375
66,0.018326740859375024,3.729248046875
67,0.018605375546875136,3.38653564453125
68,0.01887717457031246,3.734130859375
69,0.019155483750000091,3.48846435546875
70,0.019425004218750042,4.06463623046875
71,0.019705917460937528,3.6138916015625
72,0.019978041992187556,4.010009765625
73,0.020253747109375109,3.75885009765625
74,0.020528150195312511,4.33319091796875
75,0.020804180820312546,3.83148193359375
76,0.021075979843750092,4.37591552734375
77,0.021354614531249982,4.00634765625
78,0.021626413554687529,4.5599365234375
79,0.021905048242187641,4.0960693359375
80,0.022176847265624966,4.78485107421875
81,0.022455481953125078,4.2523193359375
82,0.022709378046875006,4.78851318359375
83,0.022972388359375095,4.36370849609375
84,0.023228888515625101,5.20751953125
85,0.02355602386718747,4.51904296875
86,0.023810245468750102,5.09033203125
87,0.024070651718750113,4.6502685546875
88,0.024327151875000119,5.54901123046875
89,0.024605786562500231,4.79644775390625
90,0.024877585585937556,5.51666259765625
91,0.025155894765624964,4.937744140625
92,0.025428019296874993,5.7806396484375
93,0.025706328476562401,5.072021484375
94,0.02597845300781243,6.0614013671875
95,0.026256762187499838,5.260009765625
96,0.026528561210937607,5.9796142578125
97,0.026807195898437719,5.369873046875
98,0.027078994921875044,6.56982421875
99,0.027357629609375156,5.56396484375
100,0.027629428632812481,6.292724609375
101,0.027905459257812737,5.74127197265625
102,0.028179862343749917,6.82159423828125
103,0.02845556746093747,5.86761474609375
104,0.028730296054687354,6.77154541015625
105,0.029006001171874907,6.080322265625
106,0.029280729765625235,6.93756103515625
107,0.029556434882812344,6.2274169921875
108,0.029828559414062372,7.18353271484375
109,0.030106868593750225,6.42333984375
110,0.030368576874999942,7.0794677734375
111,0.030657302304687661,6.56097412109375
112,0.030916406523437523,7.886962890625
113,0.031174208710937457,6.76055908203125
114,0.03146684023437496,7.37396240234375
115,0.031757844218749831,6.83990478515625
116,0.031981142578124899,8.406982421875
117,0.03227507613281233,6.947021484375
118,0.032559895468749822,7.9937744140625
119,0.032807606914062593,7.1282958984375
120,0.033112607734374855,8.631591796875
121,0.033358040625000029,7.2613525390625
122,0.033629839648437354,8.9141845703125
123,0.033908148828125206,7.5604248046875
124,0.034180273359375235,8.543701171875
125,0.034458582539062643,7.6873779296875
126,0.034730707070312672,9.21722412109375
127,0.03500901625000008,7.97149658203125
128,0.035281140781250109,8.4991455078125
129,0.035559449960937517,8.138427734375
130,0.035806510390624879,9.2431640625
131,0.036107279609375098,8.40362548828125
132,0.036253107109375016,8.626708984375
133,0.036618977890625182,9.13299560546875
134,0.036657713320312535,8.61175537109375
135,0.036903797226562673,9.0936279296875
136,0.037107239609375231,8.73443603515625
137,0.037208147031249972,8.8311767578125
138,0.037231258085937746,9.26544189453125
139,0.037274225117187587,8.27667236328125
140,0.037274550624999847,9.21875
curve_id,9
index,Z indent (µm),Force indent (µN)
0,0,0.86761474609375
1,0.00024282882812487472,0.843505859375
2,0.00054782964843735904,0.87921142578125
3,0.00079326253906253363,0.8642578125
4,0.001098263359375018,0.938720703125
5,0.0013410921874998927,0.9783935546875
6,0.0016486970703124548,0.9906005859375
7,0.0018915258984375516,0.965576171875
8,0.0021965267187500359,1.0235595703125
9,0.0024393555468749106,1.0760498046875
10,0.0027469604296874728,1.090087890625
11,0.0029435671484374648,1.0882568359375
12,0.0032996726953125055,1.13861083984375
13,0.0035350148437500728,1.20086669921875
14,0.0038475023437498646,1.21795654296875
15,0.0040444345703125606,1.23504638671875
16,0.0043979360546875235,1.23809814453125
17,0.0045945427734375155,1.28936767578125
18,0.0049483697656249603,1.31805419921875
19,0.0051423724218748745,1.395263671875
20,0.0054988034765623972,1.36077880859375
21,0.0056928061328125334,1.40625
22,0.0060466331249999783,1.42333984375
23,0.0062432398437499703,1.561279296875
24,0.006599670898437493,1.500244140625
25,0.0067936735546874072,1.54998779296875
26,0.0071475005468750741,1.54632568359375
27,0.0073441072656250661,1.71905517578125
28,0.007697608750000029,1.6357421875
29,0.007894215468750021,1.728515625
30,0.0082021458593750651,1.6619873046875
31,0.0084446491796874579,1.8292236328125
32,0.0087574621874999536,1.76971435546875
33,0.0089950828906248947,1.92535400390625
34,0.0093026877734374569,1.8170166015625
35,0.0095455166015625537,1.96533203125
36,0.009850517421875038,1.90948486328125
37,0.010093346249999913,2.14019775390625
38,0.010398347070312397,1.96258544921875
39,0.010643779960937572,2.1240234375
40,0.010951384843749912,2.06268310546875
41,0.011186401484374997,2.34405517578125
42,0.011499214492187493,2.16583251953125
43,0.011695821210937485,2.33062744140625
44,0.01204964820312493,2.20794677734375
45,0.012246254921874922,2.4969482421875
46,0.012600081914062367,2.33734130859375
47,0.012794084570312503,2.58758544921875
48,0.013150190117187543,2.40264892578125
49,0.01334451828124994,2.68157958984375
50,0.01370062382812498,2.5347900390625
51,0.013894626484374895,2.83721923828125
52,0.014248453476562561,2.59063720703125
53,0.014445060195312553,2.86224365234375
54,0.014798887187499998,2.72430419921875
55,0.01499549390624999,3.11126708984375
56,0.015351924960937513,2.8265380859375
57,0.015545927617187427,3.0889892578125
58,0.015899754609374872,2.9205322265625
59,0.016096361328124864,3.343505859375
60,0.016449862812500049,3.05511474609375
61,0.016646795039062523,3.3709716796875
62,0.016961886601562393,3.15338134765625
63,0.017196903242187478,3.52294921875
64,0.017504833632812522,3.2757568359375
65,0.017747336953124915,3.76373291015625
66,0.018050059218750025,3.35296630859375
67,0.018295166601562496,3.7060546875
68,0.018602771484375058,3.516845703125
69,0.018845600312499933,4.0863037109375
70,0.019150601132812417,3.619384765625
71,0.019390825898437436,4.00726318359375
72,0.019701034843750076,3.74755859375
73,0.019946467734375029,4.3402099609375
74,0.020251468554687513,3.86444091796875
75,0.020489089257812454,4.3731689453125
76,0.02080190226562495,3.99169921875
77,0.020995904921874864,4.5660400390625
78,0.021352335976562387,4.1326904296875
79,0.021546338632812523,4.7979736328125
80,0.021902444179687564,4.24468994140625
81,0.02209677234374996,4.7723388671875
82,0.022450273828124923,4.36981201171875
83,0.022647206054687397,5.22430419921875
84,0.023000707539062581,4.522705078125
85,0.023197314257812574,5.07110595703125
86,0.023551141250000018,4.6514892578125
87,0.02374774796875001,5.57037353515625
88,0.024101574960937455,4.783935546875
89,0.024295577617187369,5.49652099609375
90,0.024652008671874892,4.94415283203125
91,0.024848615390625106,5.78033447265625
92,0.025202442382812329,5.0823974609375
93,0.025399049101562543,6.053466796875
94,0.025706653984375105,5.23101806640625
95,0.02594948281249998,5.95672607421875
96,0.026257087695312542,5.408935546875
97,0.026496986953124857,6.58203125
98,0.026809799960937575,5.55877685546875
99,0.027047420664062294,6.27471923828125
100,0.02735274699218726,5.72998046875
101,0.027597854375000175,6.82586669921875
102,0.027902855195312437,5.88775634765625
103,0.028145684023437312,6.741943359375
104,0.028453288906249874,6.06719970703125
105,0.028690909609375037,6.9537353515625
106,0.029003722617187311,6.25244140625
107,0.029241343320312474,7.17010498046875
108,0.029554156328125192,6.39801025390625
109,0.029748158984375106,7.078857421875
110,0.030104590039062629,6.585693359375
111,0.030295988632812687,7.8863525390625
112,0.030652419687499766,6.7584228515625
113,0.03084902640624998,7.35504150390625
114,0.031202853398437647,6.832275390625
115,0.031399460117187417,8.4271240234375
116,0.031752961601562379,6.95831298828125
117,0.031949568320312594,7.98095703125
118,0.032303395312499816,7.105712890625
119,0.03250000203125003,8.6199951171875
120,0.032853829023437253,7.28546142578125
121,0.033047831679687611,8.9166259765625
122,0.033404262734375134,7.53631591796875
123,0.033600869453124904,8.54217529296875
124,0.033913682460937622,7.72491455078125
125,0.034151303164062341,9.2156982421875
126,0.034464116171875059,7.92449951171875
127,0.034699132812499922,8.50738525390625
128,0.035014549882812496,8.1939697265625
129,0.035226780976562289,9.24072265625
130,0.035554567343750065,8.38287353515625
131,0.03560111496093743,8.638916015625
132,0.035676632773437689,9.140625
133,0.036105001054687502,8.5980224609375
134,0.036332531015625058,9.10491943359375
135,0.036525231640625044,8.7066650390625
136,0.036655434765624939,8.8751220703125
137,0.036712724140624875,8.2672119140625
138,0.036714026171874803,8.52447509765625
