file_id,3
date,2026-07-11
spring_constant,1.11
tip_geometry,cone
tip_radius,450
velocity,50
tip_angle,0
curve_id,0
index,Z indent (µm),Force indent (µN)
0,0,140.7623291015625
1,0.55043371093756832,145.3094482421875
2,1.1005419140625463,142.5933837890625
3,1.6509756250001146,149.7955322265625
4,2.2014093359373419,147.369384765625
5,2.7518430468750239,152.8472900390625
6,3.3022767578124785,151.8707275390625
7,3.8527104687500469,156.768798828125
8,4.4005401171873473,157.6690673828125
9,4.950648320312439,158.7677001953125
10,5.5010820312498936,162.9486083984375
11,6.0030150781249176,162.53662109375
12,6.5941372656250223,168.975830078125
13,7.1009529296875371,167.6177978515625
14,7.6513866406251054,172.5006103515625
15,8.2018203515623327,175.048828125
16,8.7522540625000147,175.537109375
17,9.3026877734374693,182.06787109375
18,9.853121484374924,179.5196533203125
19,10.403229687500016,187.0880126953125
20,10.95366339843747,185.8367919921875
21,11.504097109374811,192.87109375
22,12.054530820312493,192.7337646484375
23,12.602360468750021,195.465087890625
24,13.152794179687362,202.6519775390625
25,13.70322789062493,201.019287109375
26,14.253336093750022,209.075927734375
27,14.801165742187436,206.6802978515625
28,15.303098789062574,214.935302734375
29,15.894220976562337,216.61376953125
30,16.444654687499906,217.6513671875
31,16.954074414062347,227.84423828125
32,17.504508124999916,224.12109375
33,18.052337773437557,235.9161376953125
34,18.605375546875052,231.75048828125
35,19.155809257812393,241.7755126953125
36,19.705917460937599,243.3013916015625
37,20.253747109374899,247.4212646484375
38,20.804180820312467,255.279541015625
39,21.354614531250036,253.6468505859375
40,21.905048242187604,266.7083740234375
41,22.455481953124831,261.1541748046875
42,23.005590156250037,275.8636474609375
43,23.551141250000001,273.86474609375
44,24.098970898437415,281.67724609375
45,24.646475039062466,288.9556884765625
46,25.155894765625021,289.6270751953125
47,25.706328476562476,303.741455078125
48,26.256762187499817,297.1954345703125
49,26.807195898437385,316.2384033203125
50,27.357629609375067,312.19482421875
51,27.908063320312522,325.1495361328125
52,28.455892968749822,329.864501953125
53,29.006001171875027,328.7811279296875
54,29.556434882812368,343.7957763671875
55,30.106868593749937,337.9058837890625
56,31.20773601562496,345.27587890625
curve_id,1
index,Z indent (µm),Force indent (µN)
0,0,141.6778564453125
1,0.55043371093768201,144.1802978515625
2,1.10054191406266,143.463134765625
3,1.6509756250001146,148.74267578125
4,2.2014093359375693,147.9339599609375
5,2.7518430468751376,152.6641845703125
6,3.2996726953125517,152.3284912109375
7,3.85010640625012,156.73828125
8,4.400214609375098,158.02001953125
9,4.9480442578126258,158.8134765625
10,5.4984779687501941,163.055419921875
11,6.0515157421876893,163.604736328125
12,6.5967413281250629,167.144775390625
13,7.1419669140626638,167.3583984375
14,7.6513866406251054,172.9736328125
15,8.2018203515625601,173.76708984375
16,8.7522540625001284,176.33056640625
17,9.3026877734374693,179.7943115234375
18,9.8527959765626747,181.5185546875
19,10.403229687500129,185.638427734375
20,10.95366339843747,185.0128173828125
21,11.501493046875112,192.138671875
22,12.05192675781268,191.925048828125
23,12.602360468750021,196.96044921875
24,13.152794179687589,198.760986328125
25,13.702902382812454,202.57568359375
26,14.253336093750022,204.89501953125
27,14.798561679687623,207.7789306640625
28,15.348995390625078,213.3331298828125
29,15.899429101562532,215.1336669921875
30,16.444654687500133,220.6573486328125
31,16.995088398437701,220.5657958984375
32,17.504508125000143,228.33251953125
33,18.054941835937598,229.4769287109375
34,18.605375546875052,234.832763671875
35,19.155483750000144,237.1978759765625
36,19.703313398437444,241.851806640625
37,20.253747109375126,248.260498046875
38,20.804180820312695,248.8861083984375
39,21.354614531250149,257.3394775390625
40,21.90504824218749,257.2784423828125
41,22.455481953125059,266.632080078125
42,23.00559015625015,268.7530517578125
43,23.550815742187638,274.71923828125
44,24.101249453125092,278.86962890625
45,24.644196484375129,284.48486328125
46,25.196908750000148,292.938232421875
47,25.744738398437676,291.8548583984375
48,26.256762187500044,303.8330078125
49,26.807195898437612,304.7027587890625
50,27.35502554687514,317.6727294921875
51,27.905459257812481,315.0634765625
52,28.455567460937573,325.3631591796875
53,29.006001171875027,332.550048828125
54,29.556434882812596,335.38818359375
55,30.106868593750164,341.97998046875
56,30.657302304687732,341.0491943359375
57,31.757844218750165,349.365234375
curve_id,2
index,Z indent (µm),Force indent (µN)
0,0,143.5699462890625
1,0.54782964843741411,143.096923828125
2,1.1005419140625463,147.6287841796875
3,1.6457675000000336,148.13232421875
4,2.1525831640625483,149.35302734375
5,2.744030859375016,153.9764404296875
6,3.2482424609374903,153.656005859375
7,3.8012802343749854,158.3251953125
8,4.3491098828123995,157.3944091796875
9,4.8995435937498542,162.994384765625
10,5.4525813671873493,162.628173828125
11,6.0004110156249908,166.9464111328125
12,6.5505192187498551,167.3431396484375
13,7.1035569921874639,171.4019775390625
14,7.6513866406248781,173.6297607421875
15,8.2018203515623327,175.4913330078125
16,8.7496499999999742,179.74853515625
17,9.3023622656249927,179.656982421875
18,9.8501919140622931,184.9517822265625
19,10.400625624999975,185.028076171875
20,10.948455273437503,190.032958984375
21,11.452992382812454,191.7266845703125
22,12.049322695312412,193.4356689453125
23,12.55093023437496,201.0040283203125
24,13.103968007812455,198.272705078125
25,13.651797656249983,207.9315185546875
26,14.202231367187323,203.2318115234375
27,14.752665078125005,214.78271484375
28,15.302773281249983,212.0513916015625
29,15.853206992187438,217.7276611328125
30,16.403640703124893,222.0458984375
31,16.954074414062461,223.0072021484375
32,17.501904062499875,230.0567626953125
33,18.052337773437557,229.8126220703125
34,18.600167421874971,239.013671875
35,19.15060113281254,239.2730712890625
36,19.703313398437444,243.499755859375
37,20.245934921875005,250.579833984375
38,20.753076093749996,250.0152587890625
39,21.346802343750028,260.406494140625
40,21.853618007812543,257.0953369140625
41,22.406655781250038,273.3306884765625
42,22.954485429687452,266.265869140625
43,23.504919140624907,280.548095703125
44,24.055352851562475,279.571533203125
45,24.605461054687567,288.6962890625
46,25.155894765624907,294.9066162109375
47,25.706328476562476,292.236328125
48,26.251554062499963,310.5316162109375
49,26.804591835937458,304.0771484375
50,27.355025546874913,320.465087890625
51,27.902855195312441,318.3746337890625
52,28.450684843749855,328.887939453125
53,28.954896445312443,337.34130859375
54,29.505330156249897,331.3446044921875
55,30.605872070312444,339.0655517578125
56,31.709343554687507,347.7630615234375
curve_id,3
index,Z indent (µm),Force indent (µN)
0,0,141.0980224609375
1,0.59144769531269503,144.22607421875
2,1.0982633593752098,143.9208984375
3,1.6486970703125507,149.84130859375
4,2.1991307812501191,146.3165283203125
5,2.7495644921876874,154.7393798828125
6,3.299998203125142,151.9012451171875
7,3.8501064062502337,156.6162109375
8,4.4005401171876883,158.0810546875
9,4.9509738281252567,159.4696044921875
10,5.5014075390624839,163.2843017578125
11,6.0518412500001659,163.3148193359375
12,6.5996708984376937,167.96875
13,7.1448964843750673,169.4488525390625
14,7.7002128125001263,170.7305908203125
15,8.2405557812502366,175.29296875
16,8.7932680468751414,176.7425537109375
17,9.3000837109376562,180.7098388671875
18,9.8505174218752245,179.87060546875
19,10.400951132812679,187.347412109375
20,10.95138484375002,184.478759765625
21,11.501818554687588,192.7947998046875
22,12.052252265625157,190.5364990234375
23,12.602360468750021,198.4100341796875
24,13.152794179687703,199.0966796875
25,13.703227890625271,201.568603515625
26,14.253661601562499,207.305908203125
27,14.80149125000014,207.03125
28,15.351924960937708,212.95166015625
29,15.897150546875196,214.7064208984375
30,16.44758425781265,220.3369140625
31,16.992809843750138,222.7935791015625
32,17.543243554687706,223.7701416015625
33,18.052663281250148,232.9254150390625
34,18.602771484375239,230.499267578125
35,19.153205195312694,241.5924072265625
36,19.703638906250262,236.0382080078125
37,20.254072617187489,249.5880126953125
38,20.804506328125171,248.5198974609375
39,21.354940039062626,253.84521484375
40,21.905048242187604,260.284423828125
41,22.452877890625132,260.223388671875
42,23.0033116015627,272.2320556640625
43,23.553745312500041,270.050048828125
44,24.098970898437642,279.510498046875
45,24.64940460937521,283.6456298828125
46,25.199838320312551,286.773681640625
47,25.745063906250152,297.149658203125
48,26.295497617187721,295.5169677734375
49,26.845931328125175,310.089111328125
50,27.355351054687731,305.2520751953125
51,27.905459257812709,322.9827880859375
52,28.455892968750277,317.291259765625
53,29.003722617187691,331.634521484375
54,29.556760390625072,334.014892578125
55,30.107194101562641,338.7603759765625
56,30.655023750000282,345.9625244140625
57,31.205131953125147,341.24755859375
58,32.305999375000169,349.7772216796875
curve_id,4
index,Z indent (µm),Force indent (µN)
0,0,141.4337158203125
1,0.55043371093745463,141.9525146484375
2,1.0598534374998962,144.6380615234375
3,1.6099616406251016,144.439697265625
4,2.1603953515623289,149.71923828125
5,2.7108290624998972,149.6124267578125
6,3.2612627734374655,151.458740234375
7,3.8116964843750338,154.96826171875
8,4.3621301953123748,155.57861328125
9,4.9099598437500163,159.7137451171875
10,5.4600680468749943,157.440185546875
11,6.0105017578124489,165.6494140625
12,6.5609354687500172,162.7960205078125
13,7.1113691796875855,168.9605712890625
14,7.6618028906248128,168.3197021484375
15,8.2070284765625274,173.004150390625
16,8.7112400781250017,174.6826171875
17,9.3000837109374288,176.20849609375
18,9.8121075000000246,181.365966796875
19,10.362541210937479,181.4422607421875
20,10.910370859375007,185.546875
21,11.463083125000026,186.553955078125
22,12.013516835937367,191.0552978515625
23,12.561346484375008,193.0999755859375
24,13.111780195312576,194.2596435546875
25,13.662213906249917,201.66015625
26,14.212647617187486,198.6846923828125
27,14.762755820312577,208.343505859375
28,15.313189531249918,204.7119140625
29,15.8636232421876,215.240478515625
30,16.414056953124941,213.958740234375
31,16.959282539062428,217.6361083984375
32,17.504508125000029,223.602294921875
33,18.013927851562471,223.8616943359375
34,18.564361562500039,231.14013671875
35,19.114795273437494,231.38427734375
36,19.665228984374949,238.983154296875
37,20.212733125,239.5782470703125
38,20.763166835937454,245.269775390625
39,21.313600546875023,250.67138671875
40,21.864034257812591,251.3580322265625
41,22.414467968749932,262.115478515625
42,22.964901679687387,256.561279296875
43,23.515009882812478,274.84130859375
44,24.065443593749933,266.815185546875
45,24.615877304687501,282.1807861328125
46,25.158498828124948,278.594970703125
47,25.706328476562362,289.0167236328125
48,26.259366249999971,295.6390380859375
49,26.766181914062372,294.61669921875
50,27.355025546875027,310.11962890625
51,27.867049335937509,305.145263671875
52,28.417483046875077,320.1446533203125
53,28.965312695312377,318.939208984375
54,29.515420898437583,329.2236328125
55,30.065854609374924,336.3037109375
56,30.616288320312606,332.6416015625
57,31.166722031249947,348.7091064453125
58,31.717155742187515,340.576171875
59,32.817697656250061,349.6551513671875
curve_id,5
index,Z indent (µm),Force indent (µN)
0,0,143.6004638671875
1,0.54782964843752779,141.41845703125
2,1.0982633593749824,147.918701171875
3,1.6486970703124371,146.1639404296875
4,2.1991307812500054,149.8565673828125
5,2.7007383203125528,151.67236328125
6,3.2947900781249473,154.4189453125
7,3.7990016796874215,157.3486328125
8,4.3494353906249899,156.402587890625
9,4.8995435937499678,161.2701416015625
10,5.4473732421874956,162.567138671875
11,6.0004110156251045,164.48974609375
12,6.5482406640625186,167.6025390625
13,7.0986743749998595,168.487548828125
14,7.6517121484373547,173.64501953125
15,8.2018203515625601,172.9736328125
16,8.7496499999999742,178.192138671875
17,9.3000837109375425,178.192138671875
18,9.8505174218749971,182.403564453125
19,10.400951132812565,184.0057373046875
20,10.948780781250093,187.6983642578125
21,11.496610429687507,189.3157958984375
22,12.000822031250095,192.4591064453125
23,12.55125574218755,196.136474609375
24,13.101689453124891,200.1953125
25,13.652123164062459,201.568603515625
26,14.199952812500101,204.7576904296875
27,14.750061015625079,208.343505859375
28,15.303098789062574,212.95166015625
29,15.850928437499988,213.7603759765625
30,16.401362148437443,218.048095703125
31,16.951795859375011,222.564697265625
32,17.501904062500103,224.79248046875
33,18.052337773437444,229.2938232421875
34,18.602771484375012,232.2235107421875
35,19.15060113281254,236.968994140625
36,19.701034843749994,240.6768798828125
37,20.248864492187522,245.54443359375
38,20.79929820312509,248.687744140625
39,21.303509804687565,252.9754638671875
40,21.853943515625133,258.5906982421875
41,22.401773164062433,260.223388671875
42,22.952206875000002,269.866943359375
43,23.50231507812498,267.852783203125
44,24.052748789062434,280.2581787109375
45,24.605786562500043,281.3568115234375
46,25.153616210937571,286.041259765625
47,25.704049921874912,295.71533203125
48,26.25187957031244,293.8079833984375
49,26.802313281250008,309.783935546875
50,27.352421484374986,304.3365478515625
51,27.905459257812481,319.0460205078125
52,28.404788242187351,318.0999755859375
53,29.001118554687423,327.178955078125
54,29.50272609374997,334.1064453125
55,30.053159804687539,335.1287841796875
56,30.606197578125034,344.5281982421875
57,31.154027226562562,340.4998779296875
58,32.254894648437585,349.7467041015625
curve_id,6
index,Z indent (µm),Force indent (µN)
0,0,143.2342529296875
1,0.55043371093722726,142.181396484375
2,1.1008674218749093,145.81298828125
3,1.6509756249997736,147.430419921875
4,2.2014093359374556,149.444580078125
5,2.7518430468749102,152.52685546875
6,3.294464570312357,152.313232421875
7,3.8475023437498521,156.8756103515625
8,4.3517139453122127,157.8826904296875
9,4.9304668359374091,159.6527099609375
10,5.4525813671873493,161.9873046875
11,6.0004110156248771,165.191650390625
12,6.5508447265623317,166.8548583984375
13,7.1012784374999001,168.8385009765625
14,7.6513866406247644,173.004150390625
15,8.2018203515624464,173.2330322265625
16,8.752254062499901,178.5736083984375
17,9.3026877734374693,178.16162109375
18,9.8531214843746966,183.59375
19,10.403555195312379,184.4329833984375
20,10.953663398437243,186.0198974609375
21,11.501493046874884,190.2618408203125
22,12.051926757812339,192.2760009765625
23,12.599756406249867,195.5413818359375
24,13.150190117187435,197.93701171875
25,13.685324960937351,202.0721435546875
26,14.202231367187437,204.40673828125
27,14.78326281249997,207.977294921875
28,15.303098789062233,210.4644775390625
29,15.853532499999915,215.545654296875
30,16.403966210937369,217.5750732421875
31,16.954074414062347,221.0540771484375
32,17.504508124999916,225.89111328125
33,18.054941835937484,226.776123046875
34,18.605375546874711,233.9630126953125
35,19.15580925781228,234.6038818359375
36,19.703638906249921,241.2109375
37,20.253747109374785,242.9046630859375
38,20.804180820312354,248.138427734375
39,21.349406406249841,254.119873046875
40,21.905048242187263,254.5013427734375
41,22.445065703124897,263.9617919921875
42,23.000707539062432,262.4053955078125
43,23.545933124999806,274.4140625
44,24.055352851562361,273.6053466796875
45,24.605786562499702,281.463623046875
46,25.156220273437384,285.82763671875
47,25.706328476562362,289.4744873046875
48,26.256762187499817,299.2095947265625
49,26.807195898437499,297.7142333984375
50,27.355025546874913,312.9119873046875
51,27.905459257812254,308.9447021484375
52,28.455892968749936,322.2808837890625
53,29.006326679687504,324.03564453125
54,29.556434882812255,330.0018310546875
55,30.106868593749937,338.8214111328125
56,30.657302304687391,336.944580078125
57,31.197319765624798,347.9766845703125
58,31.706739492187353,341.8731689453125
curve_id,7
index,Z indent (µm),Force indent (µN)
0,0,141.5252685546875
1,1.0930552343751287,143.9208984375
2,1.643488945312356,143.85986328125
3,2.193922656250038,147.8729248046875
4,2.7033423828124796,149.2767333984375
5,3.2537760937500479,150.0244140625
6,3.8042098046875026,154.5257568359375
7,4.3546435156250709,154.8919677734375
8,4.9047517187500489,157.6385498046875
9,5.452581367187463,158.7982177734375
10,6.0030150781249176,162.0941162109375
11,6.5534487890625996,163.9862060546875
12,7.1038825000000543,165.618896484375
13,7.6543162109376226,170.135498046875
14,8.1995417968749962,169.86083984375
15,8.7499755078125645,175.0335693359375
16,9.3026877734374693,173.9501953125
17,9.8456348046875064,181.2744140625
18,10.393138945312558,180.419921875
19,10.90516273437504,183.89892578125
20,11.455596445312608,186.004638671875
21,12.006030156249835,188.7054443359375
22,12.556463867187517,192.718505859375
23,13.104293515625045,192.901611328125
24,13.654727226562613,198.455810546875
25,14.204835429687478,200.5615234375
26,14.755269140625046,203.2318115234375
27,15.305702851562387,206.72607421875
28,15.856136562500069,208.2977294921875
29,16.406570273437637,215.789794921875
30,16.954399921875051,213.2415771484375
31,17.502229570312466,222.5189208984375
32,18.047455156250066,221.6644287109375
33,18.597888867187635,227.874755859375
34,19.107308593750076,231.75048828125
35,19.657416796875054,231.9488525390625
36,20.207850507812623,240.9515380859375
37,20.758284218750077,238.95263671875
38,21.306113867187491,249.4049072265625
39,21.85654757812506,248.4588623046875
40,22.406981289062628,254.547119140625
41,22.957415000000083,260.0250244140625
42,23.507523203125061,261.90185546875
43,24.055352851562589,271.881103515625
44,24.60839062499997,268.0206298828125
45,25.158824335937538,282.3333740234375
46,25.704049921875026,280.364990234375
47,26.25187957031244,289.642333984375
48,26.799709218750081,294.0826416015625
49,27.309128945312409,296.2646484375
50,27.859562656250091,309.99755859375
51,28.409996367187546,302.5054931640625
52,28.960104570312637,322.81494140625
53,29.507934218750052,315.5059814453125
54,30.058367929687506,330.6427001953125
55,30.608801640624961,331.4971923828125
56,31.159235351562643,334.3963623046875
57,31.709669062500097,345.245361328125
58,32.260102773437552,340.7745361328125
59,33.360644687500098,347.7783203125
curve_id,8
index,Z indent (µm),Force indent (µN)
0,0,142.5933837890625
1,0.55043371093768201,141.0980224609375
2,1.1008674218752503,147.7203369140625
3,1.6486970703126644,144.3939208984375
4,2.0991998828127407,152.2369384765625
5,2.1991307812500054,148.468017578125
6,3.299672695312438,155.2886962890625
7,3.85010640625012,155.8074951171875
8,4.3520394531250304,157.562255859375
9,4.950973828125143,161.1175537109375
10,5.4525813671875767,161.4837646484375
11,6.0004110156251045,166.0308837890625
12,6.5508447265626728,165.924072265625
13,7.103882500000168,170.3643798828125
14,7.6517121484374684,171.478271484375
15,8.2018203515626737,174.31640625
16,8.7522540625001284,177.1087646484375
17,9.302687773437583,179.3060302734375
18,9.8505174218751108,183.41064453125
19,10.403555195312606,181.7626953125
20,10.95138484375002,189.63623046875
21,11.501818554687588,187.56103515625
22,12.05192675781268,194.39697265625
23,12.551255742187664,194.76318359375
24,13.147586054687622,198.6846923828125
25,13.649519101562532,202.4078369140625
26,14.202231367187665,203.5369873046875
27,14.752665078125005,208.80126953125
28,15.303098789062574,209.9456787109375
29,15.853532500000256,214.874267578125
30,16.403966210937597,217.132568359375
31,16.954399921875051,221.6949462890625
32,17.504508125000143,224.884033203125
33,18.052337773437444,226.9287109375
34,18.602771484375012,235.0921630859375
35,19.150601132812653,232.421875
36,19.703638906250148,243.6065673828125
37,20.254072617187603,240.5242919921875
38,20.804506328125171,251.220703125
39,21.352335976562699,251.708984375
40,21.853943515625133,255.645751953125
41,22.452877890625132,263.97705078125
42,22.954810937500042,262.14599609375
43,23.504919140625134,274.3682861328125
44,24.057956914062629,272.2015380859375
45,24.605786562500043,285.0341796875
46,25.153616210937685,282.8216552734375
47,25.70665398437518,292.3583984375
48,26.254483632812594,298.52294921875
49,26.804917343750162,298.52294921875
50,27.357629609375181,314.910888671875
51,27.905459257812595,303.8177490234375
52,28.455892968750163,327.5146484375
53,29.006326679687618,318.3441162109375
54,29.556760390625072,334.7320556640625
55,30.1045900390626,335.38818359375
56,30.652419687500242,337.0819091796875
57,31.154027226562675,348.4039306640625
58,31.755565664062715,341.0797119140625
59,32.807606914062717,349.4415283203125
curve_id,9
index,Z indent (µm),Force indent (µN)
0,0,141.1285400390625
1,1.100867421875023,142.4560546875
2,1.6408848828125429,146.05712890625
3,2.1913185937498838,146.2249755859375
4,2.7417523046875658,150.7720947265625
5,3.2918605078124301,149.7650146484375
6,3.8501064062498926,154.35791015625
7,4.400540117187461,155.792236328125
8,4.8995435937499678,157.3486328125
9,5.4421651171875283,160.3546142578125
10,5.9899947656249424,160.736083984375
11,6.5866505859374911,165.6951904296875
12,7.1009529296875371,164.7491455078125
13,7.6513866406248781,170.745849609375
14,8.2018203515624464,170.2728271484375
15,8.7522540625000147,175.1251220703125
16,9.3026877734374693,176.422119140625
17,9.8505174218748834,179.6722412109375
18,10.400951132812452,182.3272705078125
19,10.95105933593743,183.04443359375
20,11.501493046874998,188.720703125
21,12.051926757812566,187.56103515625
22,12.602360468749907,193.2525634765625
23,13.152794179687362,193.2525634765625
24,13.685324960937578,199.859619140625
25,14.238037226562369,200.5462646484375
26,14.785866875000011,202.8656005859375
27,15.303098789062574,209.47265625
28,15.853532499999915,208.160400390625
29,16.403640703124893,216.522216796875
30,16.954074414062347,215.4541015625
31,17.501904062499989,222.0306396484375
32,18.052337773437557,224.639892578125
33,18.602771484374784,224.853515625
34,19.153205195312353,235.6719970703125
35,19.703638906250035,231.0638427734375
36,20.253747109374899,242.73681640625
37,20.804180820312581,238.4796142578125
38,21.354614531249922,249.481201171875
39,21.90504824218749,251.007080078125
40,22.455481953124831,253.84521484375
41,22.987687226562571,261.90185546875
42,23.538120937499798,261.0626220703125
43,24.085950585937553,274.627685546875
44,24.605786562500043,269.683837890625
45,25.156220273437384,281.7230224609375
46,25.704049921875026,283.0963134765625
47,26.25415812499989,288.848876953125
48,26.804591835937572,299.041748046875
49,27.355025546874913,294.3115234375
50,27.905459257812367,312.530517578125
51,28.455892968749822,303.77197265625
52,29.006001171875027,324.6612548828125
53,29.556434882812368,315.032958984375
54,30.10686859375005,332.1685791015625
55,30.657302304687505,332.2296142578125
56,31.197319765624911,337.0513916015625
57,31.745149414062439,345.2301025390625
58,32.247082460937463,340.3472900390625
59,33.358040625000058,348.876953125
