file_id,merged-0.2Kpa.hdf5
date,2026-09-30
spring_constant,1
tip_geometry,sphere
tip_radius,1e-05
velocity,5
tip_angle,0
curve_id,2
index,Z indent (µm),Force indent (µN)
0,0,0.65521240234375
1,0.00059893437499991542,0.6866455078125
2,0.0012004728124999087,0.7098388671875
3,0.0018020112499999019,0.70220947265625
4,0.0024012711328125214,0.69091796875
5,0.0029565874609374099,0.70098876953125
6,0.0035529177734374695,0.71563720703125
7,0.0041521776562498669,0.74676513671875
8,0.0047511120312500044,0.77392578125
9,0.0053500464062499198,0.78094482421875
10,0.0059489807812500572,0.77880859375
11,0.0065508447265625325,0.76995849609375
12,0.0071497791015624479,0.78765869140625
13,0.0077513175390624411,0.80596923828125
14,0.0083502519140625786,0.86822509765625
15,0.0089517903515625719,0.87738037109375
16,0.0095510502343749692,0.8819580078125
17,0.0097460294140625514,0.67352294921875
18,0.010149984609374885,0.87738037109375
19,0.010344963789062467,0.67535400390625
20,0.010713113125000007,0.87982177734375
21,0.010943898164062382,0.6866455078125
22,0.011309443437500066,0.92254638671875
23,0.011537949921875068,0.6634521484375
24,0.011906099257812386,0.9515380859375
25,0.012136884296874983,0.6982421875
26,0.012502429570312446,0.9954833984375
27,0.012738422734374977,0.7269287109375
28,0.013101363945312583,0.9857177734375
29,0.013296343124999943,0.75927734375
30,0.013703227890625058,0.99334716796875
31,0.013895603007812563,0.79986572265625
32,0.014304766328125051,0.99884033203125
33,0.014497141445312556,0.78094482421875
34,0.014903700703124967,1.02294921875
35,0.015096075820312471,0.7989501953125
36,0.015502635078124882,1.0699462890625
37,0.015697614257812464,0.7867431640625
38,0.01610156945312502,1.09954833984375
39,0.01629654863281238,0.84686279296875
40,0.016703107890625013,1.123046875
41,0.016898087070312373,0.8929443359375
42,0.017304971835937488,1.1236572265625
43,0.017497346953124993,0.911865234375
44,0.017903906210937404,1.1279296875
45,0.018096281328124908,0.94146728515625
46,0.018505444648437397,1.16058349609375
47,0.018697819765624901,0.91888427734375
48,0.019063365039062363,1.17279052734375
49,0.019296754140625039,0.9429931640625
50,0.019662624921874983,1.25152587890625
51,0.019847187851562476,0.96954345703125
52,0.020256351171874964,1.2481689453125
53,0.020448726289062469,1.01348876953125
54,0.02085528554687488,1.26068115234375
55,0.021047986171874866,1.06170654296875
56,0.021454545429687499,1.2689208984375
57,0.021649524609375081,1.06048583984375
58,0.022053479804687415,1.27838134765625
59,0.022248458984374997,1.0858154296875
60,0.022655018242187408,1.34674072265625
61,0.022847393359374912,1.08612060546875
62,0.023253952617187545,1.370849609375
63,0.023448931796874906,1.1224365234375
64,0.023855491054687539,1.42608642578125
65,0.024048191679687525,1.18560791015625
66,0.024454750937499936,1.4337158203125
67,0.024649730117187518,1.2091064453125
68,0.025053685312500074,1.4434814453125
69,0.025248664492187434,1.26068115234375
70,0.025655223750000067,1.488037109375
71,0.025850202929687427,1.25244140625
72,0.026254158124999982,1.52130126953125
73,0.026449137304687564,1.2713623046875
74,0.026815008085937508,1.58599853515625
75,0.02704807167968748,1.3067626953125
76,0.027454956445312373,1.62078857421875
77,0.027649935624999955,1.34979248046875
78,0.028056494882812366,1.65008544921875
79,0.028246265937500015,1.42303466796875
80,0.028609207148437399,1.67938232421875
81,0.028840317695312478,1.44744873046875
82,0.029208467031250018,1.6888427734375
83,0.029400842148437523,1.4935302734375
84,0.029807401406249934,1.7486572265625
85,0.030040790507812387,1.50543212890625
86,0.030406335781250071,1.79443359375
87,0.030601314960937431,1.5277099609375
88,0.031005270156249987,1.85791015625
89,0.031146540546874935,1.58294677734375
90,0.031607134101562462,1.89697265625
91,0.031802113281250044,1.6510009765625
92,0.032206068476562377,1.90093994140625
93,0.032401047656249959,1.70440673828125
94,0.032807606914062371,1.94854736328125
95,0.032999982031249875,1.7218017578125
96,0.033406541289062508,1.96929931640625
97,0.033601520468749868,1.7474365234375
98,0.034008079726562501,2.05718994140625
99,0.034200454843750006,1.7840576171875
100,0.034607339609374899,2.11090087890625
101,0.034802318789062481,1.822509765625
102,0.035206273984375036,2.15850830078125
103,0.035401253164062396,1.893310546875
104,0.035769402499999936,2.1905517578125
105,0.035997583476562456,1.944580078125
106,0.036358246132812466,2.2076416015625
107,0.036599121914062449,1.9903564453125
108,0.036957180507812382,2.25006103515625
109,0.037200660351562442,2.02728271484375
110,0.037563927070312531,2.30255126953125
111,0.03779210804687505,2.04803466796875
112,0.038157653320312512,2.36602783203125
113,0.038396250546874899,2.1221923828125
114,0.038759191757812506,2.42919921875
115,0.038951892382812492,2.17254638671875
116,0.039358451640624903,2.4658203125
117,0.039553430820312485,2.2564697265625
118,0.03995738601562504,2.496337890625
119,0.040152365195312401,2.29827880859375
120,0.040558924453125034,2.54241943359375
121,0.040753903632812394,2.3486328125
122,0.041157858828124949,2.587890625
123,0.04134795539062508,2.3675537109375
124,0.041759397265624942,2.67364501953125
125,0.041952097890624929,2.4395751953125
126,0.042358657148437562,2.745361328125
127,0.042553636328124922,2.51495361328125
128,0.042960195585937555,2.79754638671875
129,0.043152570703125059,2.6104736328125
130,0.043520720039062377,2.84454345703125
131,0.043754109140625053,2.66845703125
132,0.044158064335937386,2.89764404296875
133,0.044353043515624968,2.71575927734375
134,0.044711102109374901,2.9583740234375
135,0.04494969933593751,2.7679443359375
136,0.045312640546874894,3.0523681640625
137,0.045553841835937581,2.80548095703125
138,0.045911574921875031,3.13720703125
139,0.046144964023437485,2.9180908203125
140,0.046510834804687429,3.2073974609375
141,0.046744223906249882,2.98614501953125
142,0.047109769179687566,3.2476806640625
143,0.047304748359374926,3.089599609375
144,0.047711307617187559,3.292236328125
145,0.047903682734375064,3.11737060546875
146,0.048310241992187475,3.37127685546875
147,0.048505221171875057,3.2086181640625
148,0.048911780429687468,3.4478759765625
149,0.049104155546874972,3.24249267578125
150,0.049511040312499865,3.541259765625
151,0.049706019492187448,3.3502197265625
152,0.050109974687500003,3.621826171875
153,0.050304953867187585,3.416748046875
154,0.050711513124999996,3.6798095703125
155,0.050906492304687578,3.55560302734375
156,0.051313051562499989,3.73931884765625
157,0.051505426679687494,3.58917236328125
158,0.051911985937499905,3.792724609375
159,0.052104361054687409,3.71490478515625
160,0.052470231835937575,3.88671875
161,0.052706224999999884,3.7164306640625
162,0.053069166210937491,3.97308349609375
163,0.053305159375000022,3.87237548828125
164,0.053663217968749954,4.0869140625
165,0.053906697812500015,3.95172119140625
166,0.05426215234374987,4.12933349609375
167,0.054500424062499997,4.07958984375
168,0.054861086718750007,4.21600341796875
169,0.055056065898437367,4.195556640625
170,0.055462625156250001,4.29229736328125
171,0.055657604335937583,4.21417236328125
172,0.056061559531249916,4.38873291015625
173,0.056256538710937498,4.398193359375
174,0.056663423476562391,4.500732421875
175,0.056855798593749896,4.3927001953125
176,0.057262357851562529,4.6240234375
177,0.057457337031249889,4.639892578125
178,0.057863896289062522,4.7119140625
179,0.058056271406250026,4.6514892578125
180,0.058462830664062437,4.80499267578125
181,0.058657809843750019,4.90142822265625
182,0.059061765039062575,4.91119384765625
183,0.059256744218749935,4.8797607421875
184,0.05966362898437505,5.02777099609375
185,0.059856004101562554,5.1373291015625
186,0.060262563359374965,5.146484375
187,0.060457542539062548,5.09613037109375
188,0.060820483749999932,5.27587890625
189,0.061059080976562541,5.4046630859375
190,0.061419418125000069,5.41168212890625
191,0.061658015351562456,5.4217529296875
192,0.062013469882812533,5.51971435546875
193,0.062254345664062516,5.72418212890625
194,0.062615008320312526,5.61981201171875
195,0.062853605546874913,5.73974609375
196,0.063213942695312442,5.7623291015625
197,0.063408921875000024,5.9930419921875
198,0.063813202578125061,5.90911865234375
199,0.064008181757812421,6.08734130859375
200,0.064414741015625054,6.0284423828125
201,0.064609720195312415,6.26220703125
202,0.065208654570312552,6.5399169921875
203,0.065807588945312467,6.53045654296875
204,0.066409127382812461,6.8780517578125
205,0.06700838726562508,6.78497314453125
206,0.067609925703125073,7.24700927734375
207,0.068208860078124989,6.95068359375
208,0.068315952148437553,6.81793212890625
209,0.0686154193359374,6.890869140625
210,0.068810398515624982,7.77191162109375
211,0.069214353710937537,6.99951171875
212,0.069409332890624897,7.3211669921875
213,0.069775203671875063,7.10540771484375
214,0.070008592773437295,8.375244140625
215,0.070371533984374901,7.257080078125
216,0.070607527148437432,7.7398681640625
217,0.070967864296875183,7.42584228515625
218,0.071211669648437281,8.9923095703125
219,0.07156712417968758,7.6690673828125
220,0.071759499296874862,8.29925537109375
221,0.072166058554687273,7.8607177734375
222,0.072361037734374856,9.0716552734375
223,0.072764992929687411,8.06365966796875
224,0.072959972109374993,8.60443115234375
225,0.073366531367187404,8.271484375
226,0.073555651406249867,8.97918701171875
227,0.073965465742187542,8.514404296875
228,0.074070930273437474,8.92852783203125
229,0.074494415937499836,8.7646484375
230,0.074567329687499795,8.717041015625
231,0.074820574765624981,9.17236328125
232,0.07505168531250006,8.63372802734375
233,0.075166264062499932,9.02099609375
234,0.075186445546875147,9.25018310546875
235,0.0752251809765625,8.35174560546875
curve_id,3
index,Z indent (µm),Force indent (µN)
0,0,0.6610107421875
1,0.0018023367578123839,0.65948486328125
2,0.0023576530859374945,0.6756591796875
3,0.002953983398437332,0.7110595703125
4,0.0035506392187498736,0.72601318359375
5,0.0041521776562498669,0.72723388671875
6,0.0047537160937498601,0.72113037109375
7,0.0053526504687499976,0.71990966796875
8,0.005951910351562395,0.76202392578125
9,0.0065534487890623883,0.78643798828125
10,0.0071523831640623037,0.82183837890625
11,0.0077513175390624411,0.8154296875
12,0.0083528559765624344,0.80963134765625
13,0.0089521158593748318,0.8135986328125
14,0.009553654296874825,0.849609375
15,0.009737240703124872,0.66436767578125
16,0.010152588671874963,0.89874267578125
17,0.010336175078125009,0.70556640625
18,0.010754127109374956,0.9210205078125
19,0.010937713515625003,0.73455810546875
20,0.011309768945312326,0.92376708984375
21,0.0115369733984374,0.75042724609375
22,0.011908703320312464,0.92681884765625
23,0.012138511835937393,0.73272705078125
24,0.012502429570312446,0.928955078125
25,0.012737446210937309,0.73577880859375
26,0.013103968007812439,0.96588134765625
27,0.013336380585937446,0.77484130859375
28,0.013703227890624836,0.99334716796875
29,0.013937919023437439,0.804443359375
30,0.014304766328124829,1.03851318359375
31,0.014537178906249837,0.8599853515625
32,0.014903700703124967,1.0369873046875
33,0.01513871734374983,0.8575439453125
34,0.01550523914062496,1.03912353515625
35,0.015737651718749968,0.87188720703125
36,0.016104173515624876,1.05499267578125
37,0.016336586093749883,0.86456298828125
38,0.016706037460937351,1.068115234375
39,0.016933241914062425,0.89324951171875
40,0.017304971835937488,1.1279296875
41,0.017488558242187313,0.9368896484375
42,0.017903906210937404,1.1492919921875
43,0.018087492617187451,0.9722900390625
44,0.018505444648437397,1.1810302734375
45,0.018689356562499926,0.99517822265625
46,0.019104379023437312,1.1785888671875
47,0.019288290937499841,0.9954833984375
48,0.019665228984374838,1.18377685546875
49,0.019889829374999834,1.0101318359375
50,0.020264163359374976,1.21612548828125
51,0.020488763749999972,1.0296630859375
52,0.020860493671874814,1.25823974609375
53,0.021090302187499965,1.07574462890625
54,0.021457149492187355,1.3104248046875
55,0.021689562070312363,1.13983154296875
56,0.022056083867187493,1.324462890625
57,0.022291100507812356,1.16455078125
58,0.022655018242187408,1.33392333984375
59,0.022890034882812493,1.1749267578125
60,0.023256556679687401,1.34857177734375
61,0.023488969257812409,1.18194580078125
62,0.023855816562499799,1.376953125
63,0.024090507695312402,1.20452880859375
64,0.024457354999999792,1.43310546875
65,0.024689442070312317,1.26708984375
66,0.025056289374999929,1.4886474609375
67,0.025288701953124937,1.30889892578125
68,0.025657827812499923,1.527099609375
69,0.025885032265624996,1.35528564453125
70,0.026256762187499838,1.54052734375
71,0.026483966640624912,1.356201171875
72,0.026856022070312457,1.558837890625
73,0.027083226523437309,1.38458251953125
74,0.027457560507812451,1.5985107421875
75,0.027641146914062498,1.39190673828125
76,0.028018084960937495,1.6351318359375
77,0.028240081289062413,1.46759033203125
78,0.02861701933593741,1.7108154296875
79,0.028841619726562406,1.533203125
80,0.029218557773437404,1.7376708984375
81,0.029440879609374804,1.56890869140625
82,0.029815213593749945,1.77337646484375
83,0.029986105195312307,1.61376953125
84,0.030408939843749927,1.78680419921875
85,0.030641352421874934,1.61041259765625
86,0.031008199726562324,1.81182861328125
87,0.031242890859374928,1.65374755859375
88,0.031607134101562462,1.87408447265625
89,0.031841825234374843,1.68792724609375
90,0.032208672539062455,1.92718505859375
91,0.032443689179687318,1.77581787109375
92,0.032807606914062371,1.98028564453125
93,0.033042623554687456,1.82159423828125
94,0.033409145351562364,2.02667236328125
95,0.033641557929687371,1.85272216796875
96,0.034008405234374983,2.04315185546875
97,0.034243096367187364,1.8841552734375
98,0.034609943671874976,2.07916259765625
99,0.034834544062499972,1.91314697265625
100,0.035208878046874892,2.12799072265625
101,0.035436082499999966,1.96380615234375
102,0.035810416484374885,2.1990966796875
103,0.035994002890624932,2.0526123046875
104,0.036409350859374801,2.24884033203125
105,0.036593262773437329,2.1014404296875
106,0.036970200820312327,2.29248046875
107,0.037192197148437467,2.1624755859375
108,0.037610149179687413,2.3193359375
109,0.03779373558593746,2.1649169921875
110,0.038209083554687329,2.352294921875
111,0.038392669960937376,2.222900390625
112,0.038759517265624988,2.4114990234375
113,0.038994208398437369,2.2711181640625
114,0.039363659765624837,2.4810791015625
115,0.039593468281249988,2.34375
116,0.039959990078124896,2.55340576171875
117,0.040189798593749826,2.43743896484375
118,0.040561528515624889,2.596435546875
119,0.040793941093749897,2.47314453125
120,0.041160462890624805,2.64312744140625
121,0.04139547953124989,2.54638671875
122,0.041759722773437424,2.67669677734375
123,0.041994413906249806,2.55889892578125
124,0.042361261210937418,2.7545166015625
125,0.042593673789062425,2.63153076171875
126,0.042960195585937333,2.83233642578125
127,0.043195212226562418,2.71514892578125
128,0.043561734023437326,2.913818359375
129,0.043794146601562334,2.80181884765625
130,0.044160668398437464,2.98370361328125
131,0.044344580312499993,2.87200927734375
132,0.044762532343749939,3.023681640625
133,0.044943514687499908,2.93365478515625
134,0.045361466718749854,3.08563232421875
135,0.045545053124999901,2.96142578125
136,0.045960401093749992,3.1500244140625
137,0.046146591562499895,3.057861328125
138,0.046561939531249985,3.21929931640625
139,0.04674552593749981,3.111572265625
140,0.047160873906249901,3.31756591796875
141,0.047344785820312429,3.24859619140625
142,0.047716515742187493,3.3758544921875
143,0.047946324257812423,3.2806396484375
144,0.048312846054687331,3.426513671875
145,0.048545258632812338,3.39935302734375
146,0.04891210593749995,3.4808349609375
147,0.049146797070312331,3.39996337890625
148,0.049513644374999943,3.55804443359375
149,0.049745731445312469,3.52691650390625
150,0.050112578749999859,3.64654541015625
151,0.050347595390624944,3.5888671875
152,0.050711513124999996,3.73382568359375
153,0.050946529765624859,3.71429443359375
154,0.051313051562499989,3.8214111328125
155,0.051548068203124853,3.81866455078125
156,0.051912311445312387,3.86505126953125
157,0.05214700257812499,3.87725830078125
158,0.05251384988281238,3.939208984375
159,0.052745936953124906,3.96942138671875
160,0.053112784257812296,4.02252197265625
161,0.053347800898437381,4.04632568359375
162,0.053714322695312511,4.12200927734375
163,0.053897909101562336,4.16900634765625
164,0.054313257070312426,4.2303466796875
165,0.054537857460937422,4.2535400390625
166,0.054914795507812419,4.32830810546875
167,0.055098707421874948,4.4342041015625
168,0.055514055390624817,4.42291259765625
169,0.055697641796874864,4.4482421875
170,0.056112989765624954,4.51385498046875
171,0.056299180234374857,4.65179443359375
172,0.056666027539062469,4.58404541015625
173,0.056898114609374995,4.64111328125
174,0.057264961914062384,4.727783203125
175,0.057497374492187392,4.88861083984375
176,0.057866500351562378,4.83306884765625
177,0.058098912929687385,4.8907470703125
178,0.058465434726562293,4.97802734375
179,0.058697847304687301,5.19989013671875
180,0.059064369101562431,5.0732421875
181,0.059299385742187294,5.15960693359375
182,0.059666233046874906,5.18890380859375
183,0.059898320117187431,5.4693603515625
184,0.060265167421874821,5.313720703125
185,0.060499858554687425,5.40191650390625
186,0.060864101796874959,5.43701171875
187,0.061099118437499822,5.72906494140625
188,0.061465640234374952,5.59600830078125
189,0.061698052812499959,5.765380859375
190,0.062064574609374867,5.738525390625
191,0.062299591249999953,6.0198974609375
192,0.062666438554687343,5.8660888671875
193,0.06285002496093739,6.17584228515625
194,0.06326537292968748,5.9783935546875
195,0.063448959335937305,6.287841796875
196,0.063866911367187473,6.124267578125
197,0.064050497773437298,6.57379150390625
198,0.064465845742187389,6.2677001953125
199,0.064649757656249918,6.529541015625
200,0.065026370195312433,6.41998291015625
201,0.065251296093749911,6.8719482421875
202,0.065617817890624819,6.5447998046875
203,0.065850230468749826,6.81732177734375
204,0.066219356328124812,6.715087890625
205,0.066449164843749964,7.25341796875
206,0.066818616210937432,6.77886962890625
207,0.067050703281249957,7.003173828125
208,0.067417550585937347,6.8695068359375
209,0.067649963164062354,7.808837890625
210,0.068016484960937484,6.93634033203125
211,0.068251501601562348,7.31842041015625
212,0.068618023398437478,7.09442138671875
213,0.068850435976562485,8.4063720703125
214,0.069216957773437615,7.2705078125
215,0.069451974414062478,7.78717041015625
216,0.069816217656250013,7.43255615234375
217,0.070050908789062616,9.02984619140625
218,0.070417756093750006,7.61962890625
219,0.070647564609374713,8.3502197265625
220,0.071016690468749699,7.879638671875
221,0.071249103046874707,9.0460205078125
222,0.071618228906249692,7.97821044921875
223,0.071801815312499739,8.699951171875
224,0.07221716328124983,8.333740234375
225,0.072436555546875114,9.02008056640625
226,0.072818701718749823,8.52142333984375
227,0.072874038046874867,8.9129638671875
228,0.072954763984374837,8.8897705078125
229,0.073376947617187271,8.74969482421875
230,0.074019500039062214,9.02435302734375
231,0.074035775429687201,9.24591064453125
232,0.074075812890624926,8.18389892578125
curve_id,4
index,Z indent (µm),Force indent (µN)
0,0,0.673828125
1,0.00059893437499991542,0.6915283203125
2,0.0011594588281249596,0.70770263671875
3,0.0017509065234373455,0.70709228515625
4,0.002349840898437483,0.6884765625
5,0.0029513793359374763,0.7159423828125
6,0.0035506392187498736,0.74005126953125
7,0.0041495735937500111,0.77423095703125
8,0.0047511120312500044,0.7867431640625
9,0.0053500464062499198,0.7867431640625
10,0.005951584843749913,0.7904052734375
11,0.0065508447265625325,0.7879638671875
12,0.0071497791015624479,0.84930419921875
13,0.0077513175390624411,0.8697509765625
14,0.0083502519140623566,0.9002685546875
15,0.0085302577343748798,0.655517578125
16,0.0089107763671874007,0.8953857421875
17,0.0091265880468749394,0.69976806640625
18,0.0095074321874999423,0.8984375
19,0.0097307305468750105,0.73577880859375
20,0.010106366562499858,0.9149169921875
21,0.010327060859374848,0.75439453125
22,0.010705300937499995,0.92926025390625
23,0.010918508554687456,0.7568359375
24,0.011301956757812315,0.9893798828125
25,0.0114790330078125,0.75897216796875
26,0.01190349519531253,1.01043701171875
27,0.012080896953124975,0.7537841796875
28,0.012502429570312446,1.00921630859375
29,0.012679831328124891,0.79376220703125
30,0.013101363945312361,1.01348876953125
31,0.013281369765624884,0.8551025390625
32,0.013702902382812354,1.01593017578125
33,0.013880304140625022,0.889892578125
34,0.014302162265624974,1.0626220703125
35,0.014481842578125015,0.8795166015625
36,0.014903700703124967,1.07574462890625
37,0.015081102460937412,0.90118408203125
38,0.015502635078124882,1.1383056640625
39,0.015682640898437405,0.8880615234375
40,0.01610156945312502,1.14501953125
41,0.016281575273437321,0.931396484375
42,0.016703107890625013,1.14959716796875
43,0.016880509648437458,0.98175048828125
44,0.01730236777343741,1.168212890625
45,0.017482048085937452,1.00189208984375
46,0.017903906210937404,1.17950439453125
47,0.018078703906249993,1.04156494140625
48,0.018464430664062448,1.23779296875
49,0.018677638281249909,1.0247802734375
50,0.019055878359374834,1.2713623046875
51,0.019232954609375019,1.0491943359375
52,0.019654812734374971,1.30279541015625
53,0.019873228476562366,1.07086181640625
54,0.020253747109374887,1.3067626953125
55,0.02043375292968741,1.14044189453125
56,0.020853006992187506,1.3092041015625
57,0.021032687304687325,1.173095703125
58,0.021454545429687499,1.35589599609375
59,0.021631621679687463,1.20819091796875
60,0.022053479804687415,1.38916015625
61,0.022233160117187456,1.2054443359375
62,0.022655018242187408,1.43951416015625
63,0.022832419999999853,1.23046875
64,0.023253952617187323,1.48712158203125
65,0.023433958437499847,1.2579345703125
66,0.023855491054687317,1.49444580078125
67,0.024032892812499984,1.31317138671875
68,0.024454750937499936,1.5240478515625
69,0.024634431249999977,1.3641357421875
70,0.025056289374999929,1.5478515625
71,0.025233365624999893,1.3983154296875
72,0.025655223749999845,1.59576416015625
73,0.025832625507812512,1.40380859375
74,0.026254158124999982,1.65008544921875
75,0.026434163945312505,1.43798828125
76,0.026855696562499975,1.690673828125
77,0.027033098320312421,1.45904541015625
78,0.027454956445312373,1.71722412109375
79,0.027634636757812414,1.54144287109375
80,0.028007668710937406,1.7291259765625
81,0.028179862343749917,1.60247802734375
82,0.028609207148437399,1.761474609375
83,0.028825018828124938,1.63055419921875
84,0.02920586296874994,1.80511474609375
85,0.029385543281249982,1.67816162109375
86,0.029807401406249934,1.8743896484375
87,0.029984803164062379,1.67266845703125
88,0.030406335781249849,1.91741943359375
89,0.030583737539062517,1.727294921875
90,0.031005270156249987,1.9586181640625
91,0.03118527597656251,1.7645263671875
92,0.031607134101562462,1.97479248046875
93,0.031784210351562425,1.8536376953125
94,0.032206068476562377,2.01812744140625
95,0.032385748789062418,1.881103515625
96,0.032807606914062371,2.0660400390625
97,0.032985008671874816,1.94000244140625
98,0.033406541289062508,2.119140625
99,0.033586547109375031,1.947021484375
100,0.034008079726562501,2.191162109375
101,0.034185481484374947,1.9915771484375
102,0.034607339609374899,2.22076416015625
103,0.03478701992187494,2.04833984375
104,0.035206273984374814,2.24151611328125
105,0.035385954296874855,2.142333984375
106,0.035807812421875029,2.29766845703125
107,0.035985214179687475,2.17803955078125
108,0.036358246132812466,2.32940673828125
109,0.03653532238281243,2.252197265625
110,0.036959784570312459,2.403564453125
111,0.037136860820312423,2.26898193359375
112,0.037558718945312375,2.4639892578125
113,0.03773612070312482,2.313232421875
114,0.038157653320312512,2.53082275390625
115,0.038337659140624814,2.388916015625
116,0.038759191757812506,2.562255859375
117,0.038936593515624951,2.4444580078125
118,0.039358451640624903,2.60162353515625
119,0.039538131953124944,2.54852294921875
120,0.039959990078124896,2.6690673828125
121,0.04013706632812486,2.57843017578125
122,0.040558924453125034,2.7294921875
123,0.040736326210937479,2.64862060546875
124,0.041157858828124949,2.82012939453125
125,0.041337864648437472,2.672119140625
126,0.041759397265624942,2.88116455078125
127,0.041936799023437388,2.74871826171875
128,0.04235865714843734,2.95074462890625
129,0.042538337460937381,2.82135009765625
130,0.042960195585937333,2.9595947265625
131,0.043137271835937518,2.9412841796875
132,0.04355912996093747,3.0328369140625
133,0.043739135781249994,2.9669189453125
134,0.044117050351562437,3.13812255859375
135,0.044335466093749831,3.07281494140625
136,0.044759602773437379,3.1793212890625
137,0.044937004531249825,3.08135986328125
138,0.045310036484374816,3.27972412109375
139,0.045528452226562433,3.194580078125
140,0.045911574921875031,3.32550048828125
141,0.046127386601562348,3.236083984375
142,0.046510834804687429,3.3648681640625
143,0.046687911054687392,3.37982177734375
144,0.047109769179687344,3.44207763671875
145,0.047289449492187385,3.416748046875
146,0.047711307617187337,3.51043701171875
147,0.047888709375000005,3.54766845703125
148,0.048310241992187475,3.609619140625
149,0.048490247812499998,3.558349609375
150,0.048911780429687468,3.7054443359375
151,0.049089182187499913,3.6529541015625
152,0.049511040312499865,3.7481689453125
153,0.049690720624999907,3.782958984375
154,0.050109974687500003,3.8214111328125
155,0.050289654999999822,3.83331298828125
156,0.050711513124999996,3.87420654296875
157,0.050888914882812442,3.9996337890625
158,0.051310447499999912,3.9923095703125
159,0.051490453320312435,4.0350341796875
160,0.051911985937499905,4.066162109375
161,0.05208938769531235,4.16046142578125
162,0.052470231835937353,4.17755126953125
163,0.052688322070312488,4.17236328125
164,0.053112784257812518,4.2913818359375
165,0.053289860507812481,4.38751220703125
166,0.053711718632812433,4.34234619140625
167,0.053889120390624878,4.38873291015625
168,0.054267034960937321,4.41864013671875
169,0.054480242578125004,4.67254638671875
170,0.054863690781249863,4.5501708984375
171,0.055041092539062531,4.610595703125
172,0.055462625156250001,4.6759033203125
173,0.055640026914062446,4.89044189453125
174,0.056061559531249916,4.77783203125
175,0.056241565351562439,4.842529296875
176,0.056663097968749909,4.90570068359375
177,0.056840499726562355,5.1275634765625
178,0.057262357851562529,4.99755859375
179,0.057442038164062348,5.0927734375
180,0.057863896289062522,5.1220703125
181,0.058041298046874967,5.439453125
182,0.058462830664062437,5.22918701171875
183,0.058642836484374961,5.430908203125
184,0.059061765039062353,5.3790283203125
185,0.059241770859374876,5.697021484375
186,0.059663303476562346,5.53253173828125
187,0.059840705234375013,5.71075439453125
188,0.060262563359374965,5.654296875
189,0.060442243671875007,5.93719482421875
190,0.060864101796874959,5.73883056640625
191,0.061041503554687404,6.1285400390625
192,0.061463036171874874,5.9320068359375
193,0.061637833867187464,6.22100830078125
194,0.062064574609374867,6.0162353515625
195,0.062241976367187535,6.5576171875
196,0.062622820507812316,6.163330078125
197,0.06284091074218745,6.49017333984375
198,0.063219150820312375,6.36566162109375
199,0.063393948515624965,6.8780517578125
200,0.063815481132812435,6.48193359375
201,0.064033896874999829,6.69708251953125
202,0.064414741015624832,6.61529541015625
203,0.064591817265625018,7.2418212890625
204,0.06501367539062497,6.71966552734375
205,0.065193355703125011,6.9573974609375
206,0.065615213828124963,6.82342529296875
207,0.065792615585937408,7.70050048828125
208,0.066214148203124878,6.9134521484375
209,0.066394154023437624,7.2747802734375
210,0.066815686640625094,7.01446533203125
211,0.066993088398437317,8.341064453125
212,0.067414946523437491,7.17681884765625
213,0.06759462683593731,7.71484375
214,0.068016484960937484,7.41668701171875
215,0.068193561210937448,8.87969970703125
216,0.068615419335937622,7.46185302734375
217,0.068795425156250145,8.34381103515625
218,0.069214353710937315,7.79205322265625
219,0.069394359531249838,8.95904541015625
220,0.069815892148437309,7.92877197265625
221,0.069993293906249976,8.62274169921875
222,0.070374138046874757,8.2037353515625
223,0.070586694648437254,8.86138916015625
224,0.071016690468750143,8.4576416015625
225,0.071098718437500041,8.96820068359375
226,0.071513415390624724,8.65234375
227,0.071569402734374732,8.64013671875
228,0.071814510117187647,9.1888427734375
229,0.07204692269531221,8.50341796875
230,0.072166058554687273,8.944091796875
231,0.072183635976562632,9.26483154296875
232,0.072224975468749841,8.90625
curve_id,5
index,Z indent (µm),Force indent (µN)
0,0,0.66192626953125
1,0.0018023367578123839,0.66162109375
2,0.0023680693359373617,0.6744384765625
3,0.0029670037109374992,0.714111328125
4,0.0035659380859374146,0.7220458984375
5,0.0041625939062499562,0.7220458984375
6,0.0047615282812498716,0.72784423828125
7,0.0053529759765624796,0.71807861328125
8,0.005951910351562395,0.76080322265625
9,0.0065534487890623883,0.7879638671875
10,0.0071523831640625257,0.831298828125
11,0.0077591297265624526,0.82366943359375
12,0.0083531814843749164,0.82061767578125
13,0.0089521158593750538,0.83953857421875
14,0.0092099180468749875,0.66925048828125
15,0.0095536542968750471,0.8538818359375
16,0.0097600262499999424,0.6793212890625
17,0.010152588671874963,0.90301513671875
18,0.010361890195312418,0.7049560546875
19,0.010761939296874967,0.91949462890625
20,0.010960824570312555,0.6781005859375
21,0.011353386992187353,0.9332275390625
22,0.011559758945312471,0.699462890625
23,0.01195980804687502,0.93109130859375
24,0.012161297382812464,0.72906494140625
25,0.012520658007812546,0.9344482421875
26,0.012762835820312457,0.7647705078125
27,0.013104293515624921,0.97503662109375
28,0.013362095703124854,0.804443359375
29,0.013713318632812443,0.99609375
30,0.013961030078124992,0.802001953125
31,0.014315182578124919,1.03912353515625
32,0.014559964453124907,0.80810546875
33,0.014903700703124967,1.0528564453125
34,0.015164106953124978,0.80291748046875
35,0.015513051328124972,1.0498046875
36,0.015763041328124894,0.84564208984375
37,0.016104499023437358,1.06597900390625
38,0.016364579765624887,0.8978271484375
39,0.01671352414062488,1.072998046875
40,0.016961235585937429,0.9234619140625
41,0.017304971835937488,1.13372802734375
42,0.017560169960937566,0.94970703125
43,0.017914322460937493,1.1566162109375
44,0.018161708398437559,0.93658447265625
45,0.018513256835937408,1.19171142578125
46,0.018760642773437475,0.9625244140625
47,0.019104704531250016,1.1907958984375
48,0.019311076484374912,0.96893310546875
49,0.019713729648437539,1.1981201171875
50,0.019912614921874905,1.02203369140625
51,0.020271975546874987,1.22039794921875
52,0.020511874804687524,1.07147216796875
53,0.020917132031250008,1.2603759765625
54,0.021113413242187518,1.08062744140625
55,0.021464961679687367,1.318359375
56,0.021712347617187433,1.104736328125
57,0.022071382734375034,1.33331298828125
58,0.022313886054687426,1.1126708984375
59,0.022665434492187497,1.3531494140625
60,0.022912820429687564,1.14776611328125
61,0.023264368867187413,1.35986328125
62,0.023514358867187557,1.19384765625
63,0.023855816562500021,1.38824462890625
64,0.024113618749999954,1.241455078125
65,0.024465167187500025,1.4422607421875
66,0.02471255312499987,1.2835693359375
67,0.025056289374999929,1.490478515625
68,0.025314091562499863,1.28448486328125
69,0.025665639999999934,1.5399169921875
70,0.0259130259375,1.3055419921875
71,0.026257087695312542,1.56005859375
72,0.026512285820312398,1.33209228515625
73,0.026866112812500065,1.56646728515625
74,0.027111220195312535,1.38671875
75,0.027465372695312462,1.60552978515625
76,0.027710154570312451,1.44439697265625
77,0.028064307070312378,1.6302490234375
78,0.028265796406250043,1.49749755859375
79,0.028665845507812371,1.71356201171875
80,0.028864730781249959,1.52618408203125
81,0.029221161835937481,1.73858642578125
82,0.029461061093750018,1.52923583984375
83,0.029866318320312502,1.7767333984375
84,0.030014098867187533,1.558837890625
85,0.030421960156249872,1.79718017578125
86,0.030664137968750005,1.6162109375
87,0.031018290468749932,1.81610107421875
88,0.03126600191406248,1.68426513671875
89,0.031617224843749847,1.87286376953125
90,0.031864936289062396,1.7437744140625
91,0.032216484726562467,1.92535400390625
92,0.032463870664062533,1.76055908203125
93,0.032815419101562382,1.98486328125
94,0.033065409101562526,1.79595947265625
95,0.033419561601562453,2.02484130859375
96,0.033664343476562442,1.8133544921875
97,0.034008405234374983,2.03887939453125
98,0.034263603359375061,1.87103271484375
99,0.034617430351562506,2.09228515625
100,0.034865141796875054,1.9439697265625
101,0.035208878046874892,2.120361328125
102,0.035458868046875036,1.99920654296875
103,0.035818228671874897,2.19573974609375
104,0.036017113945312484,2.05810546875
105,0.03641976710937489,2.25067138671875
106,0.036662270429687505,2.083740234375
107,0.037018701484375027,2.29248046875
108,0.037217586757812393,2.1197509765625
109,0.037617635859374943,2.32269287109375
110,0.037819125195312386,2.16766357421875
111,0.038173277695312535,2.34588623046875
112,0.038418385078125006,2.24456787109375
113,0.038818434179687555,2.418212890625
114,0.039019923515624999,2.3095703125
115,0.039376354570312522,2.4737548828125
116,0.039616253828125059,2.37640380859375
117,0.039970406328124986,2.55035400390625
118,0.040215188203124974,2.4041748046875
119,0.040569340703124901,2.60162353515625
120,0.040819330703125045,2.4481201171875
121,0.041168275078125038,2.635498046875
122,0.041418590585937443,2.50885009765625
123,0.041769813515625032,2.68035888671875
124,0.042020129023437436,2.59796142578125
125,0.042369073398437429,2.74078369140625
126,0.042619063398437351,2.6763916015625
127,0.042960195585937555,2.81951904296875
128,0.043217997773437489,2.74566650390625
129,0.04356954621093756,2.90771484375
130,0.04381465359375003,2.7886962890625
131,0.044168480585937475,2.9693603515625
132,0.044418470585937397,2.835693359375
133,0.044770019023437468,3.0181884765625
134,0.045015126406249939,2.90802001953125
135,0.045369278906249866,3.06793212890625
136,0.045568164179687454,2.974853515625
137,0.045970817343749859,3.1439208984375
138,0.046169702617187447,3.0999755859375
139,0.046569751718749997,3.21075439453125
140,0.046768636992187362,3.1390380859375
141,0.04717129015624999,3.29559326171875
142,0.047370175429687356,3.250732421875
143,0.04772693199218736,3.363037109375
144,0.047966505742187415,3.25347900390625
145,0.04832326230468742,3.4161376953125
146,0.04856836968749989,3.37188720703125
147,0.048922196679687557,3.47503662109375
148,0.049169908124999884,3.4002685546875
149,0.049521456562499955,3.53851318359375
150,0.049768842500000021,3.57147216796875
151,0.05012039093749987,3.6358642578125
152,0.050370380937500014,3.61114501953125
153,0.050721929374999863,3.71795654296875
154,0.05096931531249993,3.72894287109375
155,0.051323467812499857,3.79913330078125
156,0.051570853749999923,3.77349853515625
157,0.051922402187499994,3.85498046875
158,0.052170113632812543,3.8525390625
159,0.05252133656249991,3.91937255859375
160,0.052769048007812458,3.95721435546875
161,0.053120596445312529,3.99017333984375
162,0.053367982382812373,4.0789794921875
163,0.053722134882812522,4.10064697265625
164,0.053921020156249888,4.193115234375
165,0.054321069257812438,4.193115234375
166,0.054519954531250026,4.268798828125
167,0.054925211757812509,4.3072509765625
168,0.055121492968750019,4.3890380859375
169,0.055521542070312568,4.385986328125
170,0.055720427343749934,4.43206787109375
171,0.056077183906249939,4.466552734375
172,0.056322291289062409,4.63165283203125
173,0.056678722343749932,4.55352783203125
174,0.056921225664062547,4.6453857421875
175,0.057275378164062474,4.6826171875
176,0.05752276410156254,4.9383544921875
177,0.057874312539062389,4.79034423828125
178,0.058121698476562456,4.8931884765625
179,0.058475850976562382,4.92950439453125
180,0.058720632851562371,5.19439697265625
181,0.059072181289062442,5.047607421875
182,0.059322496796875068,5.10467529296875
183,0.059673719726562435,5.1312255859375
184,0.059921431171874984,5.44647216796875
185,0.060272979609375055,5.26611328125
186,0.060522969609374977,5.41595458984375
187,0.06087191398437497,5.3802490234375
188,0.061121903984374892,5.740966796875
189,0.061473452421874963,5.56121826171875
190,0.06172083835937503,5.75897216796875
191,0.062072386796874879,5.6475830078125
192,0.062322702304687505,6.03485107421875
193,0.062673925234374872,5.83770751953125
194,0.062875414570312538,6.11480712890625
195,0.063273185117187491,5.9149169921875
196,0.063472070390624857,6.279296875
197,0.063874723554687485,6.06170654296875
198,0.064119505429687473,6.54205322265625
199,0.0644736579296874,6.192626953125
200,0.064675147265625066,6.57928466796875
201,0.065029299765624993,6.3787841796875
202,0.065274081640624981,6.85882568359375
203,0.065674130742187531,6.49993896484375
204,0.065875620078124975,6.80938720703125
205,0.066224564453124968,6.65496826171875
206,0.066472275898437516,7.2357177734375
207,0.066828706953125039,6.77093505859375
208,0.067073814335937509,6.9732666015625
209,0.067430245390625032,6.8328857421875
210,0.067675352773437503,7.78106689453125
211,0.068024297148437496,6.9122314453125
212,0.068276891210937496,7.3345947265625
213,0.068625835585937489,7.05108642578125
214,0.068875825585937633,8.431396484375
215,0.069224769960937405,7.2137451171875
216,0.069474759960937327,7.71697998046875
217,0.069826308398437398,7.38250732421875
218,0.070074019843750168,9.00146484375
219,0.070427846835937391,7.576904296875
220,0.070675558281250161,8.30108642578125
221,0.071027106718749788,7.75787353515625
222,0.071271888593749999,9.0576171875
223,0.071626041093749926,8.0255126953125
224,0.071827530429687592,8.58428955078125
225,0.072224975468750063,8.1549072265625
226,0.072456086015625143,9.010009765625
227,0.072829117968749912,8.48541259765625
228,0.072936535546874737,8.82659912109375
229,0.073357091640624983,8.83148193359375
230,0.07342805234375005,8.69781494140625
231,0.073635726328125095,9.1192626953125
232,0.07370538499999979,8.69232177734375
233,0.074027312226562447,8.94287109375
234,0.07404586617187503,9.22760009765625
235,0.074083299570312455,8.387451171875
236,0.074083625078125159,9.21875
curve_id,6
index,Z indent (µm),Force indent (µN)
0,0,0.6915283203125
1,0.00060186394531247522,0.70037841796875
2,0.0012007983203123906,0.7037353515625
3,0.0017561146484375012,0.68603515625
4,0.0024012711328125214,0.68939208984375
5,0.0029543089062500361,0.711669921875
6,0.0035532432812499515,0.7415771484375
7,0.0041521776562498669,0.77362060546875
8,0.0047514375390624863,0.770263671875
9,0.0053555800390625574,0.76263427734375
10,0.0059545144140624728,0.762939453125
11,0.0065534487890623883,0.7696533203125
12,0.0071523831640625257,0.8135986328125
13,0.0077542471093750009,0.85113525390625
14,0.0083557855468749942,0.87646484375
15,0.0089547199218749096,0.86669921875
16,0.0091480715624998599,0.65673828125
17,0.0095562583593749029,0.86181640625
18,0.0096985052734375188,0.69488525390625
19,0.010152588671874963,0.88653564453125
20,0.010300043710937512,0.68511962890625
21,0.010705626445312477,0.90667724609375
22,0.010898978085937427,0.68450927734375
23,0.01130716488281247,0.947265625
24,0.011500516523437421,0.692138671875
25,0.011903820703125012,0.9674072265625
26,0.01209977640625004,0.723876953125
27,0.012502755078124927,0.97564697265625
28,0.012701314843750033,0.76751708984375
29,0.013104293515624921,0.97869873046875
30,0.013300249218749949,0.79315185546875
31,0.013703227890625058,0.98236083984375
32,0.013899183593749864,0.80780029296875
33,0.014304766328125051,1.02203369140625
34,0.014500722031249857,0.79864501953125
35,0.014904026210937449,1.0577392578125
36,0.015099981914062477,0.80810546875
37,0.015505564648437442,1.0919189453125
38,0.01570152035156247,0.841064453125
39,0.016104499023437358,1.104736328125
40,0.016300454726562386,0.89752197265625
41,0.016706037460937351,1.092529296875
42,0.016899389101562523,0.92498779296875
43,0.017304971835937488,1.119384765625
44,0.017493440859374987,0.92864990234375
45,0.017904231718749886,1.13372802734375
46,0.018051361249999953,0.94482421875
47,0.018505770156249879,1.1920166015625
48,0.018650295624999869,0.94390869140625
49,0.019104704531250016,1.22467041015625
50,0.019252159570312344,0.96160888671875
51,0.019660020859374905,1.229248046875
52,0.019851093945312481,1.02325439453125
53,0.020256676679687446,1.24359130859375
54,0.020452632382812475,1.0528564453125
55,0.02085821511718744,1.24176025390625
56,0.02105156675781239,1.0906982421875
57,0.021457149492187355,1.29241943359375
58,0.021653105195312383,1.08306884765625
59,0.022058687929687348,1.3134765625
60,0.022252365078125003,1.0955810546875
61,0.02265534374999989,1.37176513671875
62,0.022851299453124918,1.14227294921875
63,0.023256882187499883,1.38946533203125
64,0.023452837890624911,1.17279052734375
65,0.023858420624999876,1.397705078125
66,0.024051772265625049,1.2396240234375
67,0.024457355000000014,1.4215087890625
68,0.024653310703125042,1.25732421875
69,0.025058893437500007,1.43707275390625
70,0.025252570585937439,1.28021240234375
71,0.025658153320312405,1.51214599609375
72,0.025851504960937355,1.282958984375
73,0.026257087695312542,1.55181884765625
74,0.026401938671875014,1.31378173828125
75,0.026858626132812535,1.59637451171875
76,0.027003477109375007,1.3494873046875
77,0.027457560507812451,1.611328125
78,0.027602411484374922,1.424560546875
79,0.028015806406249899,1.62628173828125
80,0.028203949921874916,1.47003173828125
81,0.028612136718749959,1.6656494140625
82,0.028802884296875053,1.49688720703125
83,0.029208467031250018,1.70013427734375
84,0.029402144179687451,1.51641845703125
85,0.029807726914062416,1.778564453125
86,0.030003682617187444,1.5283203125
87,0.030406661289062553,1.80755615234375
88,0.030548908203124947,1.5869140625
89,0.031008199726562546,1.83349609375
90,0.031204155429687352,1.65252685546875
91,0.031607134101562462,1.86370849609375
92,0.031800485742187412,1.7120361328125
93,0.032208672539062455,1.8743896484375
94,0.032404628242187483,1.7449951171875
95,0.032807932421874852,1.943359375
96,0.033003888124999881,1.7645263671875
97,0.033409470859374846,2.00103759765625
98,0.033602822500000018,1.78802490234375
99,0.034008405234374983,2.06207275390625
100,0.034204360937500011,1.8426513671875
101,0.034607339609374899,2.098388671875
102,0.034800691249999849,1.89544677734375
103,0.035208878046874892,2.105712890625
104,0.035356333085937441,1.98577880859375
105,0.035808137929687511,2.159423828125
106,0.03599367738281245,2.00347900390625
107,0.0363634542578124,2.2021484375
108,0.03655680589843735,2.07672119140625
109,0.03700861074218742,2.26043701171875
110,0.03715606578124997,2.07366943359375
111,0.037561648515624935,2.33306884765625
112,0.037755000156249885,2.13958740234375
113,0.038157978828124994,2.3699951171875
114,0.038356538593749878,2.18994140625
115,0.038759517265624988,2.40081787109375
116,0.038955472968750016,2.28179931640625
117,0.039361055703124981,2.445068359375
118,0.039557011406250009,2.32452392578125
119,0.039960315585937378,2.48016357421875
120,0.040156271289062406,2.3779296875
121,0.040561854023437371,2.55889892578125
122,0.040749997539062388,2.41119384765625
123,0.041160788398437509,2.620849609375
124,0.041356744101562537,2.4444580078125
125,0.041759722773437424,2.6776123046875
126,0.041955678476562452,2.54425048828125
127,0.042361261210937418,2.72552490234375
128,0.042557216914062446,2.60162353515625
129,0.042960521093750037,2.76611328125
130,0.043156476796874843,2.708740234375
131,0.04356205953125003,2.8125
132,0.043750203046875047,2.7276611328125
133,0.044160993906249946,2.90252685546875
134,0.044305844882812417,2.80426025390625
135,0.044759928281249861,2.97821044921875
136,0.044907383320312411,2.841796875
137,0.045361466718749854,3.05328369140625
138,0.045506317695312548,2.92266845703125
139,0.045911900429687513,3.1036376953125
140,0.046105252070312464,2.996826171875
141,0.046510834804687429,3.13720703125
142,0.046706790507812457,3.1195068359375
143,0.047110094687500048,3.22784423828125
144,0.047308654453124932,3.1329345703125
145,0.047711633125000041,3.28948974609375
146,0.047907588828124847,3.2708740234375
147,0.048310567499999957,3.369140625
148,0.048506523203124985,3.24737548828125
149,0.04891210593749995,3.46099853515625
150,0.049108061640624978,3.38653564453125
151,0.049511040312499865,3.5076904296875
152,0.049706996015624894,3.42681884765625
153,0.050110300195312485,3.5748291015625
154,0.050308859960937369,3.56658935546875
155,0.050711838632812478,3.63006591796875
156,0.050905190273437428,3.64959716796875
157,0.051310773007812394,3.70330810546875
158,0.051506728710937422,3.717041015625
159,0.051912311445312387,3.80584716796875
160,0.052059766484374936,3.78814697265625
161,0.052511245820312524,3.870849609375
162,0.052658700859374852,3.8531494140625
163,0.053112784257812518,3.9532470703125
164,0.053260239296874845,3.98590087890625
165,0.053712044140624915,4.02496337890625
166,0.053859173671874983,4.0716552734375
167,0.054264756406249948,4.0802001953125
168,0.054460712109374976,4.2181396484375
169,0.054864016289062345,4.176025390625
170,0.055059971992187373,4.248046875
171,0.05546555472656256,4.27764892578125
172,0.055661510429687366,4.4342041015625
173,0.056064489101562476,4.3865966796875
174,0.056260444804687504,4.3975830078125
175,0.056663423476562391,4.4775390625
176,0.056859379179687419,4.6551513671875
177,0.057262357851562529,4.5562744140625
178,0.057460917617187413,4.64813232421875
179,0.057866500351562378,4.659423828125
180,0.058060177500000032,4.9151611328125
181,0.058463156171874919,4.76226806640625
182,0.058661715937500025,4.8785400390625
183,0.059064694609374913,4.8858642578125
184,0.059260650312499941,5.18463134765625
185,0.05966362898437505,5.0201416015625
186,0.059859584687499856,5.10711669921875
187,0.060262563359374965,5.13702392578125
188,0.060453636445312542,5.42205810546875
189,0.060866705859375037,5.23895263671875
190,0.06100895277343743,5.42938232421875
191,0.061463361679687356,5.37567138671875
192,0.061610491210937424,5.71990966796875
193,0.062067504179687427,5.47271728515625
194,0.062209751093750043,5.7757568359375
195,0.062615333828125008,5.631103515625
196,0.062811289531250036,5.96405029296875
197,0.063214268203124924,5.78033447265625
198,0.063407619843749874,6.13128662109375
199,0.063815806640624917,5.91766357421875
200,0.064011762343749945,6.2286376953125
201,0.064414741015625054,6.05377197265625
202,0.06461069671874986,6.50970458984375
203,0.065014000898437452,6.17584228515625
204,0.065212560664062558,6.53106689453125
205,0.065615539335937445,6.30615234375
206,0.065808890976562395,6.8646240234375
207,0.06621447371093736,6.46942138671875
208,0.066407825351562533,6.790771484375
209,0.066816012148437354,6.61529541015625
210,0.067011967851562382,7.2406005859375
211,0.067414946523437491,6.75323486328125
212,0.067610902226562519,6.92169189453125
213,0.068014206406249889,6.83135986328125
214,0.068212766171874994,7.7777099609375
215,0.068615744843749882,6.88751220703125
216,0.068762874374999949,7.27447509765625
217,0.069217283281249875,7.04498291015625
218,0.069364738320312425,8.32550048828125
219,0.069816217656250013,7.1258544921875
220,0.069961068632812484,7.7825927734375
221,0.07041515203125015,7.36175537109375
222,0.070562607070312255,8.85101318359375
223,0.070973397929687598,7.55523681640625
224,0.071161541445312393,8.28155517578125
225,0.07156712417968758,7.7374267578125
226,0.071763079882812386,8.92791748046875
227,0.072168662617187573,7.93853759765625
228,0.072362339765624784,8.56353759765625
229,0.072765318437500115,8.15521240234375
230,0.072957693554687397,8.87115478515625
231,0.073369460937499964,8.360595703125
232,0.073474925468749896,8.85986328125
233,0.073896458085937367,8.66058349609375
234,0.073965791249999802,8.65936279296875
235,0.074223267929687475,9.1571044921875
236,0.074454052968749851,8.49395751953125
237,0.074567329687499795,8.841552734375
238,0.074587511171875009,9.23919677734375
239,0.074625921093750103,8.24310302734375
240,0.074626246601562363,8.0718994140625
curve_id,7
index,Z indent (µm),Force indent (µN)
0,0,0.66253662109375
1,0.0011493680859373523,0.6707763671875
2,0.0012492989843748692,0.65948486328125
3,0.002350166406249965,0.6756591796875
4,0.0029491007812498804,0.69305419921875
5,0.0035506392187498736,0.73272705078125
6,0.0041495735937500111,0.728759765625
7,0.0047511120312500044,0.73638916015625
8,0.0053503719140624018,0.73638916015625
9,0.005951910351562395,0.73638916015625
10,0.0065508447265625325,0.78125
11,0.0071497791015624479,0.806884765625
12,0.0077513175390624411,0.83892822265625
13,0.0083505774218750606,0.83465576171875
14,0.0085211435156249404,0.65277099609375
15,0.0089111018749998827,0.8294677734375
16,0.0091226819531249337,0.69183349609375
17,0.0095100362500000202,0.858154296875
18,0.0097219418359375531,0.6903076171875
19,0.010101483945312406,0.869140625
20,0.010320876210937469,0.68939208984375
21,0.010703022382812399,0.92254638671875
22,0.010917206523437528,0.68206787109375
23,0.011301956757812537,0.94512939453125
24,0.011518744960937521,0.7110595703125
25,0.011900891132812452,0.938720703125
26,0.012102380468749896,0.75592041015625
27,0.012502429570312446,0.9490966796875
28,0.012704244414062371,0.78155517578125
29,0.013101689453125065,0.94512939453125
30,0.013303178789062509,0.8074951171875
31,0.013703227890625058,0.9979248046875
32,0.01387411949218742,0.79315185546875
33,0.014302162265624974,1.01776123046875
34,0.014473053867187557,0.80841064453125
35,0.014903700703124967,1.06475830078125
36,0.015071988242187473,0.836181640625
37,0.015502635078124882,1.06842041015625
38,0.015673526679687466,0.87554931640625
39,0.016101894960937502,1.07025146484375
40,0.016272461054687382,0.92315673828125
41,0.016703433398437495,1.08734130859375
42,0.016874324999999857,0.92529296875
43,0.017263957851562539,1.10321044921875
44,0.017473259374999994,0.94818115234375
45,0.017860613671874859,1.170654296875
46,0.018074797812499988,0.936279296875
47,0.018502840585937541,1.18865966796875
48,0.018673732187499903,0.95062255859375
49,0.019055878359375056,1.204833984375
50,0.01927266656250004,1.00433349609375
51,0.019654812734374971,1.217041015625
52,0.01986932238281236,1.0479736328125
53,0.020254072617187369,1.22039794921875
54,0.020473464882812431,1.08245849609375
55,0.020853006992187506,1.25823974609375
56,0.021057100390625028,1.077880859375
57,0.021454545429687499,1.29241943359375
58,0.021625437031249861,1.09161376953125
59,0.022053479804687415,1.3470458984375
60,0.022224371406249999,1.1114501953125
61,0.022655018242187408,1.36260986328125
62,0.022825909843749992,1.16668701171875
63,0.023254278125000027,1.36810302734375
64,0.023424844218749907,1.21978759765625
65,0.023855816562500021,1.39678955078125
66,0.024024104101562527,1.24237060546875
67,0.024454750937499936,1.40838623046875
68,0.02462564253906252,1.27777099609375
69,0.025056289374999929,1.48590087890625
70,0.025224576914062435,1.26556396484375
71,0.025655223750000067,1.52740478515625
72,0.025826115351562429,1.30645751953125
73,0.026216073710937371,1.56219482421875
74,0.026425049726562566,1.351318359375
75,0.026822494765625038,1.5869140625
76,0.027026588164062559,1.39801025390625
77,0.027413942460937424,1.58905029296875
78,0.027625848046874957,1.46453857421875
79,0.028005390156250032,1.63665771484375
80,0.02822738648437495,1.48162841796875
81,0.028609532656249881,1.6754150390625
82,0.028821112734374932,1.5081787109375
83,0.02920586296874994,1.73675537109375
84,0.029422651171874925,1.52862548828125
85,0.029807401406249934,1.78192138671875
86,0.029970480820312506,1.57623291015625
87,0.030406661289062553,1.800537109375
88,0.030608150624999997,1.64794921875
89,0.031005595664062469,1.83013916015625
90,0.03120968906249999,1.688232421875
91,0.031607134101562462,1.859130859375
92,0.031778025703125046,1.7218017578125
93,0.032206068476562377,1.91009521484375
94,0.032376960078124961,1.74835205078125
95,0.032807606914062371,1.9677734375
96,0.032978498515624954,1.77032470703125
97,0.03340686679687499,2.037353515625
98,0.03357743289062487,1.834716796875
99,0.034008405234374983,2.05322265625
100,0.034176692773437489,1.89453125
101,0.034607339609374899,2.0855712890625
102,0.034778231210937482,1.95831298828125
103,0.035167864062499943,2.120361328125
104,0.035377165585937398,1.9970703125
105,0.035777214687499947,2.1673583984375
106,0.035978704023437391,2.03857421875
107,0.036358246132812466,2.24456787109375
108,0.036577638398437529,2.05963134765625
109,0.036959784570312459,2.29095458984375
110,0.037179176835937522,2.1221923828125
111,0.037558718945312375,2.33306884765625
112,0.037778436718749919,2.17926025390625
113,0.038157978828124994,2.35565185546875
114,0.038374767031249979,2.26898193359375
115,0.038759517265624988,2.386474609375
116,0.038973701406249894,2.30682373046875
117,0.039358451640624903,2.462158203125
118,0.039529343242187487,2.352294921875
119,0.039959990078124896,2.518310546875
120,0.040158875351562484,2.39044189453125
121,0.040558924453125034,2.5848388671875
122,0.040729816054687396,2.4383544921875
123,0.041158184335937431,2.645263671875
124,0.041328750429687533,2.51251220703125
125,0.041759722773437424,2.67578125
126,0.041930614375000008,2.6019287109375
127,0.042358657148437562,2.7252197265625
128,0.042529548749999924,2.65899658203125
129,0.042960195585937555,2.7764892578125
130,0.043128483125000061,2.72613525390625
131,0.04355912996093747,2.86407470703125
132,0.043730021562500054,2.75970458984375
133,0.044160993906249946,2.94342041015625
134,0.04432895593749997,2.81646728515625
135,0.044718914296874912,3.0078125
136,0.044930819882812445,2.9095458984375
137,0.04531784867187505,3.05084228515625
138,0.04552975425781236,2.97637939453125
139,0.045914504492187369,3.10882568359375
140,0.046131292695312576,3.10516357421875
141,0.046513438867187507,3.1744384765625
142,0.046727623007812413,3.0999755859375
143,0.047109769179687566,3.24981689453125
144,0.047326882890625033,3.21441650390625
145,0.047711307617187559,3.34716796875
146,0.047925817265624948,3.2257080078125
147,0.048310567499999957,3.39599609375
148,0.048514660898437478,3.35906982421875
149,0.04891210593749995,3.46893310546875
150,0.049080393476562456,3.4136962890625
151,0.049511040312499865,3.5125732421875
152,0.049681931914062449,3.5546875
153,0.050109974687500003,3.57696533203125
154,0.050280866289062365,3.5919189453125
155,0.050711513124999996,3.68560791015625
156,0.050882404726562358,3.680419921875
157,0.051310773007812394,3.753662109375
158,0.051481339101562495,3.7371826171875
159,0.051912311445312387,3.8348388671875
160,0.052082877539062489,3.84033203125
161,0.052511245820312524,3.9093017578125
162,0.052682137421874886,3.9404296875
163,0.053079582460937358,3.94775390625
164,0.053281071796875024,4.05609130859375
165,0.053665822031250032,4.0631103515625
166,0.053882610234375017,4.1668701171875
167,0.05426215234374987,4.11041259765625
168,0.054481544609374932,4.21630859375
169,0.054863690781249863,4.25018310546875
170,0.055080804492187552,4.349365234375
171,0.055462950664062483,4.3402099609375
172,0.055679738867187467,4.3768310546875
173,0.056061885039062398,4.410400390625
174,0.056278673242187383,4.61822509765625
175,0.056663423476562391,4.50775146484375
176,0.056880211679687376,4.599609375
177,0.057262357851562529,4.58892822265625
178,0.057463847187499972,4.90478515625
179,0.057863896289062522,4.69818115234375
180,0.058075801875000055,4.79736328125
181,0.058462830664062437,4.825439453125
182,0.058633722265625021,5.1129150390625
183,0.059064694609374913,4.94964599609375
184,0.059232656640624937,5.06256103515625
185,0.05966362898437505,5.06378173828125
186,0.059834520585937412,5.36956787109375
187,0.060262563359374965,5.16143798828125
188,0.060433454960937549,5.40191650390625
189,0.060864101796874959,5.27069091796875
190,0.061034993398437543,5.640869140625
191,0.061432438437500014,5.43060302734375
192,0.061633927773437458,5.69671630859375
193,0.06203137281249993,5.56304931640625
194,0.062235466210937451,5.92193603515625
195,0.06262021644531246,5.704345703125
196,0.062834726093750071,6.0064697265625
197,0.063219150820312375,5.8404541015625
198,0.063433660468749986,6.1981201171875
199,0.063818410703124995,5.96832275390625
200,0.064035198906249979,6.45721435546875
201,0.064414741015625054,6.06536865234375
202,0.064631529218750039,6.47216796875
203,0.06501367539062497,6.25762939453125
204,0.065233067656250032,6.8310546875
205,0.065615213828124963,6.37359619140625
206,0.065829723476562574,6.6778564453125
207,0.06621447371093736,6.55853271484375
208,0.066415963046875026,7.16339111328125
209,0.066816012148437576,6.67633056640625
210,0.067027592226562405,6.87957763671875
211,0.067414946523437491,6.79107666015625
212,0.067585838125000075,7.65472412109375
213,0.068016484960937484,6.8731689453125
214,0.06818477249999999,7.220458984375
215,0.0686154193359374,6.922607421875
216,0.068786310937499984,8.22967529296875
217,0.069214679218750019,7.09228515625
218,0.069385245312499899,7.635498046875
219,0.069816217656250013,7.27020263671875
220,0.069987109257812374,8.77593994140625
221,0.070415152031249928,7.40966796875
222,0.070586043632812512,8.2122802734375
223,0.070973072421875116,7.63580322265625
224,0.071187582070312505,8.790283203125
225,0.071585027109374977,7.83050537109375
226,0.071786516445312643,8.489990234375
227,0.072171266679687651,8.01605224609375
228,0.072378289648437288,8.69781494140625
229,0.072767596992187489,8.31329345703125
230,0.072893568515624896,8.7811279296875
231,0.073310869531249878,8.525390625
232,0.073366856874999886,8.43231201171875
233,0.073633773281249759,9.05548095703125
234,0.073858699179687459,8.367919921875
235,0.073965791250000024,8.8250732421875
236,0.073988576796875094,9.2059326171875
237,0.074024708164062591,9.21875
curve_id,8
index,Z indent (µm),Force indent (µN)
0,0,0.67596435546875
1,0.00059893437499991542,0.68023681640625
2,0.0011978687500000529,0.6658935546875
3,0.0017994071875000461,0.66162109375
4,0.0023983415624999616,0.662841796875
5,0.0029591915234374877,0.7135009765625
6,0.0035503137109373917,0.72418212890625
7,0.0041495735937500111,0.7464599609375
8,0.0047485079687499265,0.732421875
9,0.0053500464062499198,0.72509765625
10,0.0059489807812500572,0.75103759765625
11,0.0065505192187500505,0.75469970703125
12,0.0071497791015624479,0.8074951171875
13,0.0077513175390624411,0.81695556640625
14,0.0083502519140625786,0.82855224609375
15,0.008949186289062494,0.82855224609375
16,0.010101158437499924,0.8319091796875
17,0.010208576015624971,0.8624267578125
18,0.010754127109374956,0.892333984375
19,0.010881726171874995,0.68756103515625
20,0.011309443437500066,0.92803955078125
21,0.011442250625000039,0.699462890625
22,0.01191098187500006,0.926513671875
23,0.012041184999999954,0.71990966796875
24,0.012502429570312446,0.92742919921875
25,0.012640444882812574,0.70068359375
26,0.013103968007812439,0.9326171875
27,0.013239379257812489,0.7177734375
28,0.013705506445312432,0.95458984375
29,0.013840917695312482,0.7379150390625
30,0.014301836757812492,1.00433349609375
31,0.014442456132812476,0.7818603515625
32,0.014901096640624889,1.02325439453125
33,0.015041390507812391,0.82794189453125
34,0.015502635078124882,1.04156494140625
35,0.015642928945312384,0.8172607421875
36,0.01610156945312502,1.03179931640625
37,0.016242188828125004,0.83648681640625
38,0.016703107890625013,1.03729248046875
39,0.016841123203124919,0.83099365234375
40,0.017302042265624928,1.0760498046875
41,0.017442661640624912,0.86761474609375
42,0.017903906210937404,1.10076904296875
43,0.01804159601562505,0.90911865234375
44,0.018502840585937541,1.1669921875
45,0.018638251835937369,0.94329833984375
46,0.019101774960937457,1.16943359375
47,0.019242394335937441,0.96527099609375
48,0.01970331339843745,1.17462158203125
49,0.0198387246484375,0.95672607421875
50,0.020263837851562494,1.18438720703125
51,0.020394366484374871,0.9661865234375
52,0.020860493671875036,1.20208740234375
53,0.020993300859375008,0.9893798828125
54,0.021456823984374873,1.2518310546875
55,0.021594839296875001,1.0345458984375
56,0.022058362421874866,1.28753662109375
57,0.022181078867187454,1.0870361328125
58,0.022657622304687486,1.30950927734375
59,0.022792708046875054,1.1016845703125
60,0.023256556679687401,1.31927490234375
61,0.023394571992187529,1.13616943359375
62,0.023852886992187461,1.31683349609375
63,0.023993506367187445,1.1212158203125
64,0.024454425429687454,1.35772705078125
65,0.024595044804687438,1.16973876953125
66,0.025053685312500074,1.4007568359375
67,0.025193979179687576,1.2078857421875
68,0.025655223750000067,1.448974609375
69,0.025795517617187569,1.2542724609375
70,0.026254158124999982,1.4910888671875
71,0.026394777499999966,1.2933349609375
72,0.026855696562499975,1.49810791015625
73,0.026993711874999882,1.2847900390625
74,0.027454630937499891,1.51611328125
75,0.027595250312499875,1.3226318359375
76,0.02805389082031251,1.5399169921875
77,0.028191580624999935,1.33056640625
78,0.028655429257812504,1.6033935546875
79,0.028793119062499928,1.38671875
80,0.02921334964843747,1.64581298828125
81,0.029384566757812536,1.4703369140625
82,0.029855902070312412,1.6937255859375
83,0.029986105195312529,1.48895263671875
84,0.030411543906250005,1.70135498046875
85,0.030585039570312444,1.5216064453125
86,0.031005270156249987,1.72515869140625
87,0.031145889531249971,1.52984619140625
88,0.03160680859374998,1.7608642578125
89,0.031744823906249886,1.572265625
90,0.032206068476562377,1.81365966796875
91,0.032346362343749879,1.63055419921875
92,0.032807606914062371,1.8829345703125
93,0.032945296718750017,1.68365478515625
94,0.033406541289062508,1.92138671875
95,0.03354683515625001,1.74407958984375
96,0.034005475664062423,1.9403076171875
97,0.034146095039062407,1.754150390625
98,0.034607014101562417,1.9744873046875
99,0.034747633476562401,1.79779052734375
100,0.035206273984375036,1.9915771484375
101,0.035346567851562538,1.8035888671875
102,0.035810090976562403,2.0733642578125
103,0.035948106289062531,1.8878173828125
104,0.036406746796874945,2.11883544921875
105,0.036547040664062447,1.9415283203125
106,0.037008285234374938,2.1826171875
107,0.037146300546875066,2.02178955078125
108,0.037607219609375075,2.21099853515625
109,0.037747838984375059,2.0587158203125
110,0.038165465507812524,2.22930908203125
111,0.038344169296874897,2.0794677734375
112,0.038767003945312517,2.27569580078125
113,0.038938221054687361,2.12005615234375
114,0.039360730195312499,2.32666015625
115,0.039542363554687432,2.178955078125
116,0.039959990078124896,2.40234375
117,0.040097679882812542,2.25006103515625
118,0.040561528515624889,2.4609375
119,0.040699218320312536,2.32696533203125
120,0.041157858828124949,2.49786376953125
121,0.041298478203124933,2.354736328125
122,0.041759397265624942,2.53143310546875
123,0.041897412578125071,2.41302490234375
124,0.04235833164062508,2.568359375
125,0.042498951015625064,2.44110107421875
126,0.042957591523437477,2.6446533203125
127,0.043097885390624979,2.51495361328125
128,0.04355912996093747,2.70477294921875
129,0.043699423828124973,2.60101318359375
130,0.044158064335937386,2.794189453125
131,0.04429868371093737,2.657470703125
132,0.044759602773437379,2.8289794921875
133,0.044900222148437363,2.73651123046875
134,0.045358537148437517,2.8814697265625
135,0.045499156523437501,2.76763916015625
136,0.045960401093749992,2.93365478515625
137,0.046098090898437416,2.82928466796875
138,0.046559335468749907,2.982177734375
139,0.046699629335937409,2.88909912109375
140,0.047158269843750045,3.08685302734375
141,0.047293681093749873,2.99560546875
142,0.047718794296874867,3.14422607421875
143,0.047848997421874984,3.06060791015625
144,0.048318054179687486,3.2366943359375
145,0.04848894578125007,3.170166015625
146,0.04891959261718748,3.2733154296875
147,0.049049795742187374,3.18511962890625
148,0.049513318867187461,3.30718994140625
149,0.049651334179687368,3.27239990234375
150,0.050114857304687455,3.4033203125
151,0.050250268554687505,3.30810546875
152,0.050711513124999996,3.4637451171875
153,0.05084920292968742,3.42803955078125
154,0.051310447499999912,3.58154296875
155,0.051450741367187414,3.51470947265625
156,0.051909381875000049,3.64044189453125
157,0.052050001250000033,3.6322021484375
158,0.052510920312500042,3.69415283203125
159,0.052651539687500026,3.65814208984375
160,0.05311018019531244,3.77471923828125
161,0.053250474062499942,3.78082275390625
162,0.053711718632812433,3.8128662109375
163,0.053852012499999935,3.798828125
164,0.05431065300781257,3.92486572265625
165,0.054450946875000072,3.9471435546875
166,0.054912191445312564,4.0185546875
167,0.055052810820312548,4.0594482421875
168,0.055511125820312479,4.0924072265625
169,0.055651745195312463,4.12628173828125
170,0.056112664257812472,4.169921875
171,0.056250679570312379,4.2822265625
172,0.056670910156249921,4.21234130859375
173,0.056801113281250037,4.276123046875
174,0.05726724046874998,4.33197021484375
175,0.057441061640624902,4.4549560546875
176,0.057866174843749896,4.42169189453125
177,0.058042600078124895,4.483642578125
178,0.058462830664062437,4.54803466796875
179,0.058603124531249939,4.715576171875
180,0.059064369101562431,4.6368408203125
181,0.059202384414062559,4.72564697265625
182,0.059663303476562568,4.73846435546875
183,0.059803922851562552,4.9615478515625
184,0.060262237851562483,4.8175048828125
185,0.060402857226562467,4.91485595703125
186,0.060864101796874959,4.91546630859375
187,0.061001791601562383,5.2178955078125
188,0.061463036171874874,5.0732421875
189,0.061603330039062376,5.16937255859375
190,0.062061970546875012,5.17852783203125
191,0.062202589921874996,5.50262451171875
192,0.062663508984375005,5.32318115234375
193,0.062804128359374989,5.513916015625
194,0.06326244335937492,5.44830322265625
195,0.063403062734374904,5.78216552734375
196,0.063864307304687395,5.546875
197,0.064001997109375042,5.81451416015625
198,0.064463241679687533,5.7086181640625
199,0.064598652929687583,6.01715087890625
200,0.065064780117187526,5.81329345703125
201,0.065202795429687432,6.192626953125
202,0.065622700507812493,5.98388671875
203,0.065793917617187558,6.30218505859375
204,0.066219356328125034,6.156005859375
205,0.066354767578124862,6.62261962890625
206,0.066820894765625027,6.23779296875
207,0.066994715937499949,6.58660888671875
208,0.067414621015625009,6.43035888671875
209,0.067555240390624993,6.93206787109375
210,0.068013880898437407,6.49505615234375
211,0.068054243867187392,6.79656982421875
212,0.0686154193359374,6.7010498046875
213,0.068755713203124902,7.32757568359375
214,0.069214353710937537,6.81427001953125
215,0.069354973085937521,7.00225830078125
216,0.069815892148437531,6.8798828125
217,0.069953907460937437,7.85980224609375
218,0.070414826523437446,6.983642578125
219,0.07055544589843743,7.40814208984375
220,0.071016364960937439,7.1014404296875
221,0.071154380273437567,8.40972900390625
222,0.071615624843750059,7.23907470703125
223,0.071755918710937561,7.87994384765625
224,0.072214559218749752,7.4505615234375
225,0.072355178593749958,9.00634765625
226,0.072816097656250189,7.63763427734375
227,0.072956717031249951,8.41796875
228,0.073415032031249883,7.87567138671875
229,0.073555651406250089,9.0496826171875
230,0.074016570468749876,8.0780029296875
231,0.074151981718749926,8.7274169921875
232,0.074615830351562273,8.28369140625
233,0.074743429414062312,8.98193359375
234,0.075176354804687318,8.53729248046875
235,0.075262614375000148,9.04571533203125
236,0.075688053085937401,8.7322998046875
237,0.075816303164062404,8.74481201171875
238,0.075996634492187631,9.23370361328125
239,0.076235231718750018,8.59649658203125
240,0.076371944999999997,9.0252685546875
241,0.07637845515625008,9.21875
242,0.076425328281250149,8.35723876953125
243,0.076425653789062409,8.90625
curve_id,9
index,Z indent (µm),Force indent (µN)
0,0,0.65155029296875
1,0.0017997326953125281,0.65216064453125
2,0.0024012711328125214,0.66986083984375
3,0.0030002055078124368,0.7098388671875
4,0.00360174394531243,0.7080078125
5,0.0041547817187499447,0.69671630859375
6,0.0047537160937498601,0.70068359375
7,0.0053552545312498534,0.6982421875
8,0.0059541889062499909,0.74127197265625
9,0.0065508447265625325,0.760498046875
10,0.0071549872265623815,0.78643798828125
11,0.007753921601562519,0.77606201171875
12,0.0083528559765624344,0.77301025390625
13,0.0089543944140624276,0.7843017578125
14,0.009553654296874825,0.8062744140625
15,0.01015519273437504,0.8660888671875
16,0.010754127109374956,0.86700439453125
17,0.011353061484374871,0.87188720703125
18,0.011954599921874864,0.86761474609375
19,0.012091638710937325,0.66741943359375
20,0.012507637695312379,0.87615966796875
21,0.01269317714843754,0.7147216796875
22,0.013106572070312517,0.91278076171875
23,0.013294715585937533,0.7318115234375
24,0.013703227890624836,0.94757080078125
25,0.013896254023437526,0.73211669921875
26,0.014302162265624974,0.97930908203125
27,0.014495188398437442,0.7257080078125
28,0.014903700703124967,0.9722900390625
29,0.015094448281249839,0.740966796875
30,0.015502635078124882,0.9796142578125
31,0.015695986718749833,0.7635498046875
32,0.016104173515624876,0.986328125
33,0.01629492109374997,0.809326171875
34,0.016703433398437495,1.0107421875
35,0.016845354804687407,0.853271484375
36,0.017304971835937488,1.0638427734375
37,0.0174468932421874,0.8465576171875
38,0.017903906210937404,1.08612060546875
39,0.018045827617187538,0.8575439453125
40,0.018505444648437397,1.11480712890625
41,0.018644761992187453,0.86181640625
42,0.019104379023437534,1.1083984375
43,0.019246300429687446,0.90087890625
44,0.019703638906249932,1.116943359375
45,0.019845560312499844,0.9503173828125
46,0.020305177343749925,1.1553955078125
47,0.020447098749999837,0.9716796875
48,0.02090411171874984,1.18865966796875
49,0.021046033124999974,0.99822998046875
50,0.021505650156249834,1.23138427734375
51,0.021647571562499968,0.9814453125
52,0.022061291992187426,1.241455078125
53,0.022246505937499883,0.99456787109375
54,0.022660226367187342,1.24481201171875
55,0.022848369882812358,1.02783203125
56,0.023256556679687401,1.248779296875
57,0.023447304257812496,1.0797119140625
58,0.023855491054687539,1.28021240234375
59,0.024046238632812411,1.13525390625
60,0.024454750937499936,1.33453369140625
61,0.024647777070312404,1.1480712890625
62,0.025056289374999929,1.36993408203125
63,0.025246711445312542,1.173095703125
64,0.025655223749999845,1.38946533203125
65,0.025797145156249979,1.16607666015625
66,0.026256762187499838,1.39556884765625
67,0.026398683593749972,1.19110107421875
68,0.026855696562499975,1.4080810546875
69,0.027038631953124836,1.248779296875
70,0.027457560507812451,1.4532470703125
71,0.027599481914062363,1.29364013671875
72,0.028056494882812366,1.4984130859375
73,0.0281984162890625,1.33148193359375
74,0.028655429257812504,1.57318115234375
75,0.028797350664062416,1.33087158203125
76,0.029256967695312497,1.5869140625
77,0.029398889101562409,1.361083984375
78,0.029855902070312412,1.60858154296875
79,0.029998148984375028,1.38214111328125
80,0.030457766015624888,1.624755859375
81,0.030599687421875021,1.431884765625
82,0.031056700390625025,1.651611328125
83,0.031198621796874937,1.51214599609375
84,0.031607134101562462,1.71844482421875
85,0.031797556171874852,1.5472412109375
86,0.032206068476562377,1.756591796875
87,0.032399094609374846,1.57196044921875
88,0.032807606914062371,1.8194580078125
89,0.032998354492187465,1.58355712890625
90,0.033406541289062508,1.82861328125
91,0.033546184140624824,1.62017822265625
92,0.034008079726562501,1.85150146484375
93,0.034150326640624895,1.68060302734375
94,0.034607339609374899,1.8896484375
95,0.034749261015625033,1.737060546875
96,0.035208878046874892,1.9305419921875
97,0.035350799453125026,1.7919921875
98,0.035807812421875029,2.0037841796875
99,0.035949733828124941,1.80938720703125
100,0.036406746796874945,2.06146240234375
101,0.036548668203124857,1.84722900390625
102,0.037008285234374938,2.08160400390625
103,0.037150532148437332,1.86370849609375
104,0.037607545117187335,2.119140625
105,0.037749466523437469,1.93023681640625
106,0.038209083554687329,2.13623046875
107,0.038351004960937463,2.02301025390625
108,0.038808017929687466,2.203369140625
109,0.038949939335937378,2.06329345703125
110,0.039363659765624837,2.2601318359375
111,0.039551477773437371,2.1337890625
112,0.040008490742187375,2.31903076171875
113,0.040150412148437509,2.12738037109375
114,0.040558924453125034,2.3577880859375
115,0.040749672031249906,2.18963623046875
116,0.041160462890625027,2.3785400390625
117,0.041351210468749899,2.22869873046875
118,0.04176200132812502,2.427978515625
119,0.041950144843750037,2.31597900390625
120,0.04235865714843734,2.48199462890625
121,0.04255168328125003,2.37548828125
122,0.042960195585937333,2.55889892578125
123,0.043102116992187467,2.44598388671875
124,0.04355912996093747,2.6171875
125,0.043742065351562331,2.4688720703125
126,0.044160668398437464,2.679443359375
127,0.044300311250000002,2.5262451171875
128,0.044762206835937457,2.7099609375
129,0.044901849687499995,2.5714111328125
130,0.045361466718749854,2.757568359375
131,0.04550078406249991,2.66845703125
132,0.045963005156249848,2.8192138671875
133,0.046102322499999904,2.74383544921875
134,0.046559335468749907,2.8826904296875
135,0.046701256875000041,2.80731201171875
136,0.047160873906249901,2.99652099609375
137,0.047300516757812439,2.86285400390625
138,0.047762412343749894,3.035888671875
139,0.047902055195312432,2.90191650390625
140,0.048361672226562513,3.08868408203125
141,0.048500989570312347,2.9754638671875
142,0.048963210664062506,3.15521240234375
143,0.049102528007812341,3.04534912109375
144,0.049511040312499865,3.19732666015625
145,0.049701462382812478,3.17138671875
146,0.050109974687500003,3.2977294921875
147,0.050303000820312471,3.2037353515625
148,0.050711513124999996,3.3636474609375
149,0.050902260703124869,3.31207275390625
150,0.051310447499999912,3.45001220703125
151,0.051501195078125006,3.30657958984375
152,0.051911985937499905,3.50250244140625
153,0.052054232851562521,3.4466552734375
154,0.052511245820312524,3.5491943359375
155,0.052655771289062514,3.46710205078125
156,0.05311018019531244,3.6370849609375
157,0.053254705664062429,3.63922119140625
158,0.053711718632812433,3.7103271484375
159,0.053856244101562423,3.692626953125
160,0.054310653007812348,3.8079833984375
161,0.054455178476562338,3.80279541015625
162,0.054912191445312342,3.88092041015625
163,0.055054438359374958,3.837890625
164,0.055511451328124961,3.9459228515625
165,0.055655976796874951,3.93218994140625
166,0.056110385703124876,3.99688720703125
167,0.056254911171874866,4.03289794921875
168,0.05671192414062487,4.0985107421875
169,0.056856449609374859,4.1375732421875
170,0.057310858515625007,4.16961669921875
171,0.057455383984374997,4.2706298828125
172,0.057861292226562444,4.26300048828125
173,0.058054643867187394,4.32861328125
174,0.058465434726562515,4.38873291015625
175,0.058656182304687388,4.48760986328125
176,0.059061765039062353,4.44366455078125
177,0.059255116679687525,4.4708251953125
178,0.059663628984374828,4.52911376953125
179,0.059856655117187518,4.7088623046875
180,0.060265167421875043,4.63165283203125
181,0.060452985429687356,4.70184326171875
182,0.060864101796874959,4.70245361328125
183,0.061003419140625015,4.993896484375
184,0.061465640234374952,4.87701416015625
185,0.061604957578125008,4.9334716796875
186,0.062061970546875012,4.95819091796875
187,0.062204217460937405,5.25299072265625
188,0.062666113046874861,5.08209228515625
189,0.062805755898437399,5.16326904296875
190,0.06326537292968748,5.18707275390625
191,0.063404690273437536,5.49896240234375
192,0.063864307304687395,5.26885986328125
193,0.064003624648437452,5.47332763671875
194,0.064465845742187389,5.435791015625
195,0.064605163085937445,5.79986572265625
196,0.065064780117187526,5.56854248046875
197,0.065204422968749842,5.850830078125
198,0.065620421953124897,5.71685791015625
199,0.065805961406249835,6.044921875
200,0.066265578437499917,5.87188720703125
201,0.066404895781249973,6.19659423828125
202,0.066813408085937498,5.96099853515625
203,0.067006434218749966,6.28753662109375
204,0.067414946523437491,6.13128662109375
205,0.067607972656249959,6.59576416015625
206,0.068013880898437407,6.25396728515625
207,0.068204628476562501,6.6064453125
208,0.0686154193359374,6.40869140625
209,0.068806166914062494,6.895751953125
210,0.069214353710937537,6.57257080078125
211,0.069402497226562332,6.81915283203125
212,0.069813613593749935,6.69921875
213,0.070004035664062325,7.30438232421875
214,0.070415152031249928,6.81182861328125
215,0.07055707343749984,6.993408203125
216,0.071014086406249843,6.86676025390625
217,0.071156007812499977,7.879638671875
218,0.071615624843749837,6.97021484375
219,0.071757546249999971,7.36175537109375
220,0.072214559218749974,7.08831787109375
221,0.072356480624999886,8.44879150390625
222,0.072816097656249967,7.30865478515625
223,0.072958344570312361,7.87994384765625
224,0.073415357539062365,7.43011474609375
225,0.073557278945312499,8.9813232421875
226,0.074016895976562358,7.681884765625
227,0.074156213320312636,8.43231201171875
228,0.074615830351562495,7.82562255859375
229,0.074757751757812629,9.02099609375
230,0.075214764726562633,8.04931640625
231,0.075356686132812323,8.7158203125
232,0.075767802499999926,8.27239990234375
233,0.07595236542968764,8.98895263671875
234,0.076366736875000063,8.5467529296875
235,0.07646959734375014,8.98773193359375
236,0.07689112996093761,8.81256103515625
237,0.076968275312500056,8.7408447265625
238,0.077171717695312614,9.20501708984375
239,0.077218265312499978,8.61572265625
240,0.077564931132812598,9.0203857421875
241,0.077620918476562606,8.34075927734375
242,0.077621243984374866,8.90625
