file_id,5
date,2026-07-11
spring_constant,1.1
tip_geometry,cone
tip_radius,4.4999999999999993e-07
velocity,50
tip_angle,0
curve_id,0
index,Z indent (µm),Force indent (µN)
0,0,66.009521484375
1,1.0956592968750556,70.556640625
2,1.6486970703124371,64.6514892578125
3,2.1503046093748708,76.1260986328125
4,2.7007383203125528,72.1282958984375
5,3.2485679687500806,82.58056640625
6,3.7990016796875352,79.2236328125
7,4.3494353906248762,96.1456298828125
8,4.902473164062485,86.1968994140625
9,5.4503028125001265,110.137939453125
10,6.0030150781250313,96.4813232421875
11,6.5508447265626728,124.969482421875
12,7.1012784375000138,110.3668212890625
13,7.6517121484374684,139.8773193359375
14,8.2021458593750367,124.7100830078125
15,8.7499755078125645,160.7208251953125
16,9.302687773437583,142.9901123046875
17,9.8456348046876201,179.2755126953125
18,10.349846406250094,166.8853759765625
19,10.946176718750053,199.0509033203125
20,11.450388320312527,187.68310546875
21,12.003426093750022,229.522705078125
22,12.55125574218755,205.3070068359375
23,13.101689453124891,260.7574462890625
24,13.6547272265625,224.609375
25,14.202556875000028,294.677734375
26,14.752665078125005,247.833251953125
27,15.305702851562614,319.15283203125
28,15.850928437500102,283.4625244140625
29,16.403966210937483,340.576171875
30,16.954399921874938,311.065673828125
31,18.050059218750107,340.3472900390625
curve_id,1
index,Z indent (µm),Force indent (µN)
0,0,66.162109375
1,0.55043371093745463,66.925048828125
2,1.1008674218751366,69.9005126953125
3,1.6486970703125507,75.347900390625
4,2.2014093359374556,73.5015869140625
5,2.7007383203125528,85.63232421875
6,3.2537760937500479,78.67431640625
7,3.8016057421875757,97.7935791015625
8,4.35171394531244,89.752197265625
9,4.9047517187499352,106.9183349609375
10,5.4525813671875767,103.08837890625
11,6.0030150781250313,121.0174560546875
12,6.553448789062486,118.7744140625
13,7.1038825000000543,135.711669921875
14,7.6539907031249186,135.2386474609375
15,8.2044244140624869,156.402587890625
16,8.7522540625000147,149.688720703125
17,9.302687773437583,178.5430908203125
18,9.853121484374924,170.1812744140625
19,10.354729023437471,203.6590576171875
20,10.90516273437504,187.286376953125
21,11.452992382812681,230.1025390625
22,12.003426093750022,212.890625
23,12.553859804687477,253.6773681640625
24,13.104293515625045,238.3880615234375
25,13.654401718750023,277.740478515625
26,14.204835429687591,263.1072998046875
27,14.755269140625046,311.95068359375
28,15.305702851562501,287.65869140625
29,15.856136562499955,336.3189697265625
30,16.403966210937597,312.9730224609375
31,17.504508125000029,336.669921875
curve_id,2
index,Z indent (µm),Force indent (µN)
0,1.0982633593750961,66.8487548828125
1,2.2017348437501596,71.8536376953125
2,2.7495644921875737,65.2008056640625
3,3.2996726953125517,80.0323486328125
4,3.8527104687500469,69.4122314453125
5,4.4031441796876152,90.1641845703125
6,4.9509738281249156,76.751708984375
7,5.4961994140626302,102.05078125
8,6.0414250000001175,87.5396728515625
9,6.5508447265625591,113.2354736328125
10,7.1422924218750268,101.1505126953125
11,7.6517121484374684,126.708984375
12,8.2021458593751504,114.7613525390625
13,8.752254062499901,145.0042724609375
14,9.3000837109375425,130.706787109375
15,9.8531214843750377,162.109375
16,10.400951132812452,153.3050537109375
17,10.95138484375002,179.656982421875
18,11.504422617187515,173.9959716796875
19,12.049648203125116,204.132080078125
20,12.602360468750135,194.122314453125
21,13.152794179687589,228.759765625
22,13.698019765624963,216.9342041015625
23,14.253661601562385,255.859375
24,14.804095312500067,240.264892578125
25,15.303098789062574,276.611328125
26,15.894546484375041,270.1568603515625
27,16.403966210937483,302.0172119140625
28,16.951795859375011,298.370361328125
29,17.504833632812506,322.44873046875
30,18.050059218750107,333.1298828125
31,18.602771484375126,343.536376953125
curve_id,3
index,Z indent (µm),Force indent (µN)
0,0,64.8956298828125
1,1.0982633593748687,68.084716796875
2,2.1991307812500054,74.005126953125
3,2.7443563671874927,65.5517578125
4,3.2921860156249068,80.50537109375
5,3.7990016796875352,71.83837890625
6,4.3494353906248762,90.301513671875
7,4.8998691015624445,78.9794921875
8,5.4499773046874225,100.677490234375
9,6.0004110156249908,90.3778076171875
10,6.5508447265623317,112.60986328125
11,7.1012784374999001,100.860595703125
12,7.6517121484373547,130.5694580078125
13,8.202145859374923,113.28125
14,8.7499755078123371,148.92578125
15,9.3000837109374288,126.9073486328125
16,9.8505174218747698,170.3338623046875
17,10.400951132812452,145.7672119140625
18,10.94878078124998,189.0869140625
19,11.499214492187321,168.3349609375
20,12.047044140624962,209.320068359375
21,12.592269726562449,192.8253173828125
22,13.145307499999944,233.2916259765625
23,13.652123164062459,213.6383056640625
24,14.2025568749998,260.650634765625
25,14.752665078125005,236.2213134765625
26,15.30309878906246,287.200927734375
27,15.853532499999915,260.6048583984375
28,16.403966210937369,316.162109375
29,16.954399921874938,287.7655029296875
30,17.502229570312352,339.8590087890625
31,18.052337773437444,316.253662109375
32,19.153205195312353,344.29931640625
curve_id,4
index,Z indent (µm),Force indent (µN)
0,0,66.192626953125
1,1.0930552343749014,68.8934326171875
2,2.1529086718749113,74.249267578125
3,2.7033423828124796,70.281982421875
4,3.2537760937498206,79.5745849609375
5,3.8042098046875026,75.4852294921875
6,4.3546435156249572,89.9200439453125
7,4.9047517187498215,83.251953125
8,5.4551854296873898,102.783203125
9,6.0056191406249582,91.6748046875
10,6.5560528515625265,118.2861328125
11,7.1064865624998674,102.6153564453125
12,7.6565947656249591,133.2550048828125
13,8.2044244140623732,117.5384521484375
14,8.7548581249999415,149.7955322265625
15,9.2952010937499381,133.9263916015625
16,9.8453092968749161,170.22705078125
17,10.354729023437358,152.4810791015625
18,10.905162734374926,190.5059814453125
19,11.455596445312494,174.3316650390625
20,12.006030156249949,210.2813720703125
21,12.556463867187404,201.019287109375
22,13.106897578124972,232.696533203125
23,13.657005781250064,218.841552734375
24,14.207439492187405,265.045166015625
25,14.757873203124973,240.66162109375
26,15.305702851562501,291.229248046875
27,15.856136562499955,266.9219970703125
28,16.40657027343741,316.71142578125
29,16.954399921874938,297.7447509765625
30,17.502229570312352,340.88134765625
31,18.047455156249953,323.883056640625
32,19.147997070312499,343.9178466796875
curve_id,5
index,Z indent (µm),Force indent (µN)
0,1.1008674218749093,67.1844482421875
1,2.2014093359374556,71.0601806640625
2,2.7518430468750239,69.1375732421875
3,3.3022767578125922,78.0181884765625
4,3.8527104687499332,74.27978515625
5,4.4028186718750248,86.5478515625
6,4.9506483203125526,83.3587646484375
7,5.5010820312497799,101.104736328125
8,6.0515157421874619,93.2159423828125
9,6.6019494531250302,110.29052734375
10,7.1419669140624364,110.2752685546875
11,7.6950046875000453,124.0081787109375
12,8.2018203515624464,126.953125
13,8.7522540625000147,137.786865234375
14,9.3026877734374693,145.81298828125
15,9.853121484374924,158.87451171875
16,10.403229687500016,164.9932861328125
17,10.951059335937543,179.4586181640625
18,11.504097109374925,184.967041015625
19,12.054530820312493,200.7293701171875
20,12.604964531249948,212.8753662109375
21,13.155398242187516,220.703125
22,13.70322789062493,234.7564697265625
23,14.251057539062458,247.98583984375
24,14.798561679687396,262.63427734375
25,15.348995390624964,269.805908203125
26,15.896825039062492,291.839599609375
27,16.447258749999946,296.9207763671875
28,16.954074414062575,320.8770751953125
29,17.504508124999916,323.0438232421875
30,18.054941835937484,344.7418212890625
31,18.605375546874939,346.0693359375
curve_id,6
index,Z indent (µm),Force indent (µN)
0,0,65.5670166015625
1,0.55043371093756832,64.8345947265625
2,1.0982633593750961,72.7996826171875
3,1.6486970703126644,66.8792724609375
4,2.1991307812500054,82.1685791015625
5,2.7469604296876469,74.1729736328125
6,3.2511720312501211,91.583251953125
7,3.8322034765625403,82.5958251953125
8,4.3494353906249899,103.4393310546875
9,4.8998691015626719,95.672607421875
10,5.4503028125001265,115.41748046875
11,6.0004110156249908,107.8033447265625
12,6.5508447265625591,132.5836181640625
13,7.1012784375001274,123.4893798828125
14,7.6517121484374684,147.4761962890625
15,8.2021458593750367,144.1497802734375
16,8.752579570312605,163.5284423828125
17,9.3004092187501328,164.5965576171875
18,9.8505174218751108,189.453125
19,10.400951132812679,179.3365478515625
20,10.951384843749906,218.7957763671875
21,11.501818554687475,198.1201171875
22,12.000822031250095,244.0948486328125
23,12.59487378906249,222.686767578125
24,13.101689453125118,267.578125
25,13.652123164062573,250.030517578125
26,14.202556875000141,295.5780029296875
27,14.752990585937596,270.4010009765625
28,15.30309878906246,329.2999267578125
29,15.853532500000142,297.607421875
30,16.403966210937597,346.13037109375
31,16.954399921875165,331.0089111328125
curve_id,7
index,Z indent (µm),Force indent (µN)
0,0,66.864013671875
1,1.0979378515625058,71.990966796875
2,1.6509756250000009,66.7724609375
3,2.1988052734374151,77.301025390625
4,2.7492389843749834,74.981689453125
5,3.3022767578124785,86.2274169921875
6,3.8501064062500063,83.282470703125
7,4.3979360546874204,97.503662109375
8,4.9480442578125121,96.038818359375
9,5.4984779687499667,108.856201171875
10,6.0489116796874214,108.642578125
11,6.5993453906249897,123.3978271484375
12,7.1009529296875371,123.22998046875
13,7.6513866406249917,142.425537109375
14,8.2018203515623327,138.97705078125
15,8.7496500000000879,161.9873046875
16,9.3026877734374693,157.440185546875
17,9.8505174218748834,181.121826171875
18,10.400625624999975,179.962158203125
19,10.95366339843747,206.146240234375
20,11.501493046874884,197.57080078125
21,12.051926757812566,233.7493896484375
22,12.602360468750021,218.9788818359375
23,13.152794179687476,263.2293701171875
24,13.702902382812454,239.990234375
25,14.250732031250095,288.2232666015625
26,14.801165742187322,270.599365234375
27,15.348995390624964,314.4378662109375
28,15.899429101562532,299.9114990234375
29,16.401036640624966,338.80615234375
30,16.954074414062461,335.052490234375
curve_id,8
index,Z indent (µm),Force indent (µN)
0,0,68.17626953125
1,1.1005419140625463,76.5228271484375
2,1.6483715624998467,69.1375732421875
3,2.2014093359374556,83.80126953125
4,2.7492389843749834,79.315185546875
5,3.2970686328122838,93.8568115234375
6,3.8475023437498521,91.3238525390625
7,4.3491098828122858,106.353759765625
8,4.9021476562500084,104.7210693359375
9,5.4499773046874225,121.6888427734375
10,6.0004110156248771,118.5150146484375
11,6.5505192187499688,138.8397216796875
12,7.1009529296875371,136.932373046875
13,7.6513866406247644,159.2559814453125
14,8.2018203515624464,154.1900634765625
15,8.7522540625000147,179.412841796875
16,9.3026877734374693,178.2989501953125
17,9.852795976562561,201.59912109375
18,10.400625624999975,198.0438232421875
19,10.951059335937316,223.6328125
20,11.450388320312413,224.9908447265625
21,12.051926757812566,248.3673095703125
22,12.553534296875,252.716064453125
23,13.101363945312301,269.775390625
24,13.651797656249869,281.097412109375
25,14.204835429687364,302.6580810546875
26,14.752665078125005,306.5948486328125
27,15.303098789062346,333.55712890625
28,15.855811054687479,334.6099853515625
curve_id,9
index,Z indent (µm),Force indent (µN)
0,0,64.697265625
1,1.1008674218749093,67.4285888671875
2,1.6486970703124371,69.7174072265625
3,2.1965267187498512,70.4803466796875
4,2.7007383203124391,76.72119140625
5,3.2537760937498206,75.62255859375
6,3.8016057421874621,84.9761962890625
7,4.3520394531249167,83.1298828125
8,4.902473164062485,92.8192138671875
9,5.4525813671873493,95.5963134765625
10,6.0004110156249908,102.8289794921875
11,6.553448789062486,109.222412109375
12,7.1038824999998269,114.07470703125
13,7.6543162109375089,124.8626708984375
14,8.202145859374923,128.9520263671875
15,8.752254062499901,140.472412109375
16,9.3026877734374693,148.5748291015625
17,9.8505174218747698,157.196044921875
18,10.403555195312379,167.449951171875
19,10.946176718749939,180.1605224609375
20,11.49661042968728,186.1572265625
21,12.044440078125035,201.5228271484375
22,12.553859804687363,208.67919921875
23,13.104293515624931,226.2115478515625
24,13.6547272265625,230.16357421875
25,14.204835429687364,251.6937255859375
26,14.755269140624932,252.227783203125
27,15.305702851562387,281.43310546875
28,15.853532499999915,276.0467529296875
29,16.403966210937369,311.3250732421875
30,16.954399921874938,301.7578125
31,17.504833632812392,340.301513671875
32,18.054941835937484,332.1533203125
